"","text","favorited","favoriteCount","replyToSN","created","truncated","replyToSID","id","replyToUID","statusSource","screenName","retweetCount","isRetweet","retweeted","longitude","latitude"
"1","@vickistudio I've been reading too much Twin Peaks lately so I imagined your tweet in the style of the Log Lady. Wo… https://t.co/F7zPKLOylc",FALSE,0,"vickistudio",2019-06-12 15:52:25,TRUE,"1138820257097879552","1138836461749514240","349020255","<a href=""https://mobile.twitter.com"" rel=""nofollow"">Twitter Web App</a>","KevinAdams",0,FALSE,FALSE,NA,NA
"2","RT @TheDoubleRClub: The age of the ogling swim-suited jiggle festivals of the past is dead. Miss Twin Peaks, I believe, and rightly, is now…",FALSE,0,NA,2019-06-12 15:41:46,FALSE,NA,"1138833781010436096",NA,"<a href=""http://twitter.com/download/iphone"" rel=""nofollow"">Twitter for iPhone</a>","ThatsOurWaldo",1,TRUE,FALSE,NA,NA
"3","RT @TwinPeaksUKFest: TWIN PEAKS UK FESTIVAL 2019! 10th BIRTHDAY PARTY!

CONFIRMED GUESTS:
KENNETH WELSH (Windom Earle)
GEORGE GRIFFITH (Ray…",FALSE,0,NA,2019-06-12 14:25:48,FALSE,NA,"1138814664509464576",NA,"<a href=""http://twitter.com"" rel=""nofollow"">Twitter Web Client</a>","TomHuddleston_",2,TRUE,FALSE,NA,NA
"4","TWIN PEAKS UK FESTIVAL 2019! 10th BIRTHDAY PARTY!

CONFIRMED GUESTS:
KENNETH WELSH (Windom Earle)
GEORGE GRIFFITH (… https://t.co/275Gbosvdk",FALSE,5,NA,2019-06-12 14:23:44,TRUE,NA,"1138814144084348929",NA,"<a href=""http://twitter.com"" rel=""nofollow"">Twitter Web Client</a>","TwinPeaksUKFest",2,FALSE,FALSE,NA,NA
"5","@_ObiMoo @InstantJunkSam @thewoodyatt @JamesGane @mikeycubed @WesPringle @martinthegeek @Bill626 @Chewymon… https://t.co/jnMdBkRPhK",FALSE,6,"_ObiMoo",2019-06-12 13:44:30,TRUE,"1138794156313272320","1138804268989865984","557688334","<a href=""http://twitter.com/#!/download/ipad"" rel=""nofollow"">Twitter for iPad</a>","darkbreed",0,FALSE,FALSE,NA,NA
"6","@KristyPuchko Rapid Fire
In Dreams
Chill Factor
Highlander
American Psycho
Redbelt
Deep Rising

Amityville II: The… https://t.co/86YuNiZKBc",FALSE,0,"KristyPuchko",2019-06-12 13:16:02,TRUE,"1138469583516524544","1138797104774733824","192606233","<a href=""http://twitter.com"" rel=""nofollow"">Twitter Web Client</a>","VHS_rip",0,FALSE,FALSE,NA,NA
"7","@amoviecalledben was gonna start twin peaks but since everyone is talking about chernobyl and it’s short, i’m watching it first",FALSE,1,"amoviecalledben",2019-06-12 13:01:26,FALSE,"1138791232732315648","1138793432359559170","4706027983","<a href=""http://twitter.com/download/iphone"" rel=""nofollow"">Twitter for iPhone</a>","hate2seeit",0,FALSE,FALSE,NA,NA
"8","@alyandaj Its giving me a twin peaks vibes",FALSE,0,"alyandaj",2019-06-12 11:48:58,FALSE,"1138578306121363456","1138775196448546816","38476490","<a href=""http://twitter.com/download/iphone"" rel=""nofollow"">Twitter for iPhone</a>","InMyLife_1792",0,FALSE,FALSE,NA,NA
"9","THIS IS IT, Neighbours! - https://t.co/hMKqjiAqjQ

Join us at a ""Gathering Of Angels..."" 

Next Thursday brings you… https://t.co/ev5c5Mrs5m",FALSE,0,NA,2019-06-12 11:43:06,TRUE,NA,"1138773718442926082",NA,"<a href=""http://www.mailchimp.com"" rel=""nofollow"">Mailchimp</a>","TheDoubleRClub",0,FALSE,FALSE,NA,NA
"10","“I have no idea where this will lead us, but I have a definite feeling it will be a place both wonderful and strang… https://t.co/7y9e30GXji",FALSE,2,NA,2019-06-12 11:35:23,TRUE,NA,"1138771776220139520",NA,"<a href=""https://www.ripl.com"" rel=""nofollow"">Ripl App</a>","TheDoubleRClub",0,FALSE,FALSE,NA,NA
"11","<U+0001F308>If you happen to be in San Francisco, you have to check out our LGBTQ tour of Castro District! Learn about the  co… https://t.co/AWRv9M9xuh",FALSE,1,NA,2019-06-12 11:01:12,TRUE,NA,"1138763172473647104",NA,"<a href=""https://www.later.com"" rel=""nofollow"">LaterMedia</a>","isango",0,FALSE,FALSE,NA,NA
"12","The age of the ogling swim-suited jiggle festivals of the past is dead. Miss Twin Peaks, I believe, and rightly, is… https://t.co/0CCS4wOg0q",FALSE,11,NA,2019-06-12 10:49:55,TRUE,NA,"1138760333261193216",NA,"<a href=""http://twitter.com/download/iphone"" rel=""nofollow"">Twitter for iPhone</a>","TheDoubleRClub",1,FALSE,FALSE,NA,NA
"13","@terrycrews Twin Peaks <U+0001F4AA><U+0001F4AA>",FALSE,0,"terrycrews",2019-06-12 09:32:41,FALSE,"1138571449600335872","1138740898026655744","16305370","<a href=""http://twitter.com/download/android"" rel=""nofollow"">Twitter for Android</a>","OracleofShire",0,FALSE,FALSE,NA,NA
"14","Hi all I have made another little video from our California honeymoon on @YouTube. In this video we wave good bye t… https://t.co/jf85bpUcxM",FALSE,0,NA,2019-06-12 07:12:47,TRUE,NA,"1138705689474416640",NA,"<a href=""http://twitter.com"" rel=""nofollow"">Twitter Web Client</a>","LiveLikeADream2",0,FALSE,FALSE,NA,NA
"15","RT @TwinPeaksUKFest: ""A SKELETON KEY TO TWIN PEAKS"" by JB Minton

When JB Minton sent us a copy of his new book, we were blown away and had…",FALSE,0,NA,2019-06-12 02:04:19,FALSE,NA,"1138628063611248646",NA,"<a href=""http://twitter.com/download/iphone"" rel=""nofollow"">Twitter for iPhone</a>","JoshuaMinton",2,TRUE,FALSE,NA,NA
"16","I very much liked the David Lynch/ Twin Peaks set-up of @RoryStewartUK's circus venue. Impossible not to think of h… https://t.co/sVAJGAzJj0",FALSE,1,NA,2019-06-11 22:22:02,TRUE,NA,"1138572122949902337",NA,"<a href=""http://twitter.com"" rel=""nofollow"">Twitter Web Client</a>","MaiaHruska",0,FALSE,FALSE,NA,NA
"17","@NOS4A2_AMC   Loving NOS4A2 has a Twin Peaks feel to it.",FALSE,0,"NOS4A2_AMC",2019-06-11 20:49:20,FALSE,NA,"1138548796122701826","986253265863102464","<a href=""http://twitter.com/download/android"" rel=""nofollow"">Twitter for Android</a>","prydwen3",0,FALSE,FALSE,NA,NA
"18","@bombsfall *homeowner watches Twin Peaks once*",FALSE,0,"bombsfall",2019-06-11 20:07:14,FALSE,"1138537046291730432","1138538198597087232","298942872","<a href=""http://twitter.com/#!/download/ipad"" rel=""nofollow"">Twitter for iPad</a>","acgodliman",0,FALSE,FALSE,NA,NA
"19","@baseballchickie Free ... Heartbreaker
Nils Lofgren  ... Code of the Road
Yes ... Fragile
Mountain ... Twin Peaks… https://t.co/vZIsIcAvUK",FALSE,0,"baseballchickie",2019-06-11 20:02:15,TRUE,"1138461832388206598","1138536947155165184","70977442","<a href=""http://twitter.com/#!/download/ipad"" rel=""nofollow"">Twitter for iPad</a>","mysuperstan",0,FALSE,FALSE,NA,NA
"20","probably watching twin peaks after fleabag",FALSE,8,NA,2019-06-11 19:10:12,FALSE,NA,"1138523845139279872",NA,"<a href=""http://twitter.com/download/iphone"" rel=""nofollow"">Twitter for iPhone</a>","hate2seeit",0,FALSE,FALSE,NA,NA
"21","RT @TheDoubleRClub: “I have no idea where this will lead us, but I have a definite feeling it will be a place both wonderful and strange”…",FALSE,0,NA,2019-06-11 18:51:07,FALSE,NA,"1138519043843997698",NA,"<a href=""http://www.placeholder.com"" rel=""nofollow"">Twin Peaks bot news</a>","TwinPeaksBotNew",1,TRUE,FALSE,NA,NA
"22","“I have no idea where this will lead us, but I have a definite feeling it will be a place both wonderful and strang… https://t.co/oJOmgeQfHY",FALSE,2,NA,2019-06-11 18:49:09,TRUE,NA,"1138518547993419776",NA,"<a href=""https://smartpostapp.com"" rel=""nofollow"">Smart Post App</a>","TheDoubleRClub",1,FALSE,FALSE,NA,NA
"23","This has got strong red room Twin Peaks feel https://t.co/DNuSvLPKw8",FALSE,3,NA,2019-06-11 17:20:33,FALSE,NA,"1138496253455732736",NA,"<a href=""http://twitter.com/download/android"" rel=""nofollow"">Twitter for Android</a>","_MiaShepherd",0,FALSE,FALSE,NA,NA
"24","Bold move by Rory Stewart to kick off his Tory leadership bid from inside an episode of Twin Peaks. https://t.co/gB5wvmecI2",FALSE,4,NA,2019-06-11 16:54:21,FALSE,NA,"1138489658944491521",NA,"<a href=""https://twitterrific.com/ios"" rel=""nofollow"">Twitterrific for iOS</a>","stevevickers_",0,FALSE,FALSE,NA,NA
"25","@IndieWire Twin Peaks return should be number 1 and True Detective based on s1 alone is top 10",FALSE,6,"IndieWire",2019-06-11 16:35:34,FALSE,"1138476483981193216","1138484931863220225","13992132","<a href=""http://twitter.com/download/iphone"" rel=""nofollow"">Twitter for iPhone</a>","whalefromtv",0,FALSE,FALSE,NA,NA
"26","Er...@RoryStewartUK seems to be going for a Twin Peaks / strip club vibe for his press conference https://t.co/UNdKpgY3rd",FALSE,3,NA,2019-06-11 16:28:46,FALSE,NA,"1138483222323630086",NA,"<a href=""http://twitter.com/download/iphone"" rel=""nofollow"">Twitter for iPhone</a>","blondsteve",0,FALSE,FALSE,NA,NA
"27","RT @TheMovieMike: @C4RandomActs Angelo Badalamenti’s Twin Peaks soundtrack <U+0001F44C> best enjoyed with a cup of steaming hot coffee too https://t.c…",FALSE,0,NA,2019-06-11 16:28:04,FALSE,NA,"1138483046250930177",NA,"<a href=""http://twitter.com/download/iphone"" rel=""nofollow"">Twitter for iPhone</a>","INTERSTIZIFILM",2,TRUE,FALSE,NA,NA
"28","@DiuEvangelina Twin Peaks - red white black colours - beautiful woman from another world....meant as compliment",FALSE,1,"DiuEvangelina",2019-06-11 16:03:24,FALSE,"1138476487504478215","1138476836076294145","999821545404092417","<a href=""http://twitter.com"" rel=""nofollow"">Twitter Web Client</a>","dream_siena",0,FALSE,FALSE,NA,NA
"29","@iknowplacesmp6 Twin Peaks! https://t.co/nQtTuHqhrb",FALSE,0,"iknowplacesmp6",2019-06-11 15:51:42,FALSE,"1138473621528203264","1138473894355111936","960950034509586432","<a href=""http://twitter.com"" rel=""nofollow"">Twitter Web Client</a>","Cajsa_Lykke",0,FALSE,FALSE,NA,NA
"30","RT @TheMovieMike: @C4RandomActs Angelo Badalamenti’s Twin Peaks soundtrack <U+0001F44C> best enjoyed with a cup of steaming hot coffee too https://t.c…",FALSE,0,NA,2019-06-11 13:54:41,FALSE,NA,"1138444442627661828",NA,"<a href=""http://twitter.com"" rel=""nofollow"">Twitter Web Client</a>","C4RandomActs",2,TRUE,FALSE,NA,NA
"31","@C4RandomActs Angelo Badalamenti’s Twin Peaks soundtrack <U+0001F44C> best enjoyed with a cup of steaming hot coffee too https://t.co/8wm4hPRqwy",FALSE,1,"C4RandomActs",2019-06-11 13:47:17,FALSE,"1138409542771970055","1138442581321404416","376866044","<a href=""http://twitter.com/download/iphone"" rel=""nofollow"">Twitter for iPhone</a>","TheMovieMike",2,FALSE,FALSE,NA,NA
"32","RT @laurahavlin: @C4RandomActs Dean Hurley's Twin Peaks The Return sound effects album https://t.co/wXBtDELrR9",FALSE,0,NA,2019-06-11 13:19:32,FALSE,NA,"1138435597645881345",NA,"<a href=""http://twitter.com"" rel=""nofollow"">Twitter Web Client</a>","C4RandomActs",1,TRUE,FALSE,NA,NA
"33","@C4RandomActs Dean Hurley's Twin Peaks The Return sound effects album https://t.co/wXBtDELrR9",FALSE,1,"C4RandomActs",2019-06-11 13:18:00,FALSE,"1138409542771970055","1138435210855485440","376866044","<a href=""http://twitter.com"" rel=""nofollow"">Twitter Web Client</a>","laurahavlin",1,FALSE,FALSE,NA,NA
"34","@SRN_lol It’s a still from Twin Peaks I LOVE mushroom clouds https://t.co/TgYE3X7hhX",FALSE,0,"SRN_lol",2019-06-11 13:04:37,FALSE,"1138429310463815680","1138431845471858689","101793455","<a href=""http://twitter.com/download/iphone"" rel=""nofollow"">Twitter for iPhone</a>","LuckyStubbs",0,FALSE,FALSE,NA,NA
"35","@LeanneBenson @unfortunatalie I don’t hate Twin Peaks, I’ve just never watched it..",FALSE,0,"LeanneBenson",2019-06-11 12:49:07,FALSE,"1138424535617855488","1138427943665983490","21610337","<a href=""http://tapbots.com/tweetbot"" rel=""nofollow"">Tweetbot for i<U+039F>S</a>","mo6020",0,FALSE,FALSE,NA,NA
"36","@unfortunatalie @mo6020 AND TWIN PEAKS!",FALSE,0,"unfortunatalie",2019-06-11 12:35:34,FALSE,"1137704822482833408","1138424535617855488","19372014","<a href=""http://twitter.com/download/iphone"" rel=""nofollow"">Twitter for iPhone</a>","LeanneBenson",0,FALSE,FALSE,NA,NA
"37","Stranger Things. Room. The Shack. Twin Peaks. Gentleman Jack. Eclectic reference points arising in today’s otherwor… https://t.co/1BW0jH4lgY",FALSE,1,NA,2019-06-11 12:06:04,TRUE,NA,"1138417110219218944",NA,"<a href=""https://mobile.twitter.com"" rel=""nofollow"">Twitter Web App</a>","NewVicTheatre",0,FALSE,FALSE,NA,NA
"38","I'm thinking 80s/90s retro style with muted dark colours. It would be narratively driven and perhaps have textboxes… https://t.co/7LdN9lKanS",FALSE,0,"AetasRazael134",2019-06-11 11:47:12,TRUE,"1138412289969856513","1138412363772846083","740981679926464512","<a href=""http://twitter.com"" rel=""nofollow"">Twitter Web Client</a>","AetasRazael134",0,FALSE,FALSE,NA,NA
"39","RT @TheDoubleRClub: June 20th we will crown our 10th Miss Twin Peaks!! 

Who will take the crown?! 

Our BIGGEST crown ever!

https://t.co/…",FALSE,0,NA,2019-06-11 11:06:07,FALSE,NA,"1138402021848092672",NA,"<a href=""http://www.placeholder.com"" rel=""nofollow"">Twin Peaks bot news</a>","TwinPeaksBotNew",2,TRUE,FALSE,NA,NA
"40","June 20th we will crown our 10th Miss Twin Peaks!! 

Who will take the crown?! 

Our BIGGEST crown ever!… https://t.co/IpItzgf7f1",FALSE,2,NA,2019-06-11 11:02:08,TRUE,NA,"1138401019887542273",NA,"<a href=""https://smartpostapp.com"" rel=""nofollow"">Smart Post App</a>","TheDoubleRClub",2,FALSE,FALSE,NA,NA
"41","RT @wehave3instock1: @DavidMLatt @TheAcademy @WesleyStudi @theasylumcc "" You've Got Me Wanting Pie And Coffee....He's A Very Talented Guy A…",FALSE,0,NA,2019-06-11 10:57:45,FALSE,NA,"1138399917393752064",NA,"<a href=""http://twitter.com"" rel=""nofollow"">Twitter Web Client</a>","wehave3instock1",1,TRUE,FALSE,NA,NA
"42","@DavidMLatt @TheAcademy @WesleyStudi @theasylumcc "" You've Got Me Wanting Pie And Coffee....He's A Very Talented Gu… https://t.co/rlgtkhQh2d",FALSE,1,"DavidMLatt",2019-06-11 10:56:46,TRUE,"1135982546552889349","1138399668449218561","2885566502","<a href=""http://twitter.com"" rel=""nofollow"">Twitter Web Client</a>","wehave3instock1",1,FALSE,FALSE,NA,NA
"43","OMG I love Twin Peaks. Even more respect for @nhsconfed #dalecooper https://t.co/YaFW0HNR7J",FALSE,1,NA,2019-06-11 09:35:37,FALSE,NA,"1138379248023035904",NA,"<a href=""http://twitter.com/download/iphone"" rel=""nofollow"">Twitter for iPhone</a>","HamzaDrabu",0,FALSE,FALSE,NA,NA
"44","@hulu Twin peaks",FALSE,0,"hulu",2019-06-11 07:21:27,FALSE,"1138177945216831488","1138345485935267840","15033883","<a href=""http://twitter.com/download/android"" rel=""nofollow"">Twitter for Android</a>","yammo_",0,FALSE,FALSE,NA,NA
"45","The last episode of Twin Peaks series 2 aired today in 1991.

It was TWENTY FIVE YEARS until they released series 3… https://t.co/WyzeEXD30M",FALSE,0,NA,2019-06-10 21:18:11,TRUE,NA,"1138193665854255104",NA,"<a href=""http://twitter.com"" rel=""nofollow"">Twitter Web Client</a>","RossCasey24",0,FALSE,FALSE,NA,NA
"46","io vorrei davvero scegliere quale tra twin peaks e prison break finire prima dell’altra ma non riesco a non guardar… https://t.co/ho2XbvFHYQ",FALSE,0,NA,2019-06-10 18:45:46,TRUE,NA,"1138155309871050752",NA,"<a href=""http://twitter.com/download/iphone"" rel=""nofollow"">Twitter for iPhone</a>","writinghar",0,FALSE,FALSE,NA,NA
"47","Thanks to @ThatsOurWaldo 

“How's Annie?”

One of the greatest TV cliffhangers of all time aired on this day in 199… https://t.co/3U5mMGg0je",FALSE,2,NA,2019-06-10 18:27:40,TRUE,NA,"1138150755825852416",NA,"<a href=""http://twitter.com/download/iphone"" rel=""nofollow"">Twitter for iPhone</a>","TheDoubleRClub",1,FALSE,FALSE,NA,NA
"48","Many a pop culture reference in Buffy I missed when I watched when younger. Next Gen, Twin Peaks, X-Files.etc nice… https://t.co/6juV2MCryB",FALSE,0,NA,2019-06-10 18:12:43,TRUE,NA,"1138146994512375814",NA,"<a href=""http://twitter.com/download/iphone"" rel=""nofollow"">Twitter for iPhone</a>","whalefromtv",0,FALSE,FALSE,NA,NA
"49","#Top10Series (sin orden, corregido)

Twin Peaks
Boardwalk Empire
Mad Men
True Detective
Westworld
Los Soprano
Break… https://t.co/7oxBs4jP4B",FALSE,0,NA,2019-06-10 18:03:26,TRUE,NA,"1138144655772700672",NA,"<a href=""http://twitter.com/download/android"" rel=""nofollow"">Twitter for Android</a>","GuillerGP",0,FALSE,FALSE,NA,NA
"50","A very good piece about one of the best TV shows ever #TwinPeaks https://t.co/tvYxrjkWP2",FALSE,0,NA,2019-06-10 17:49:45,FALSE,NA,"1138141213314469890",NA,"<a href=""http://twitter.com/download/iphone"" rel=""nofollow"">Twitter for iPhone</a>","GRALambo",0,FALSE,FALSE,NA,NA
"51","@EvolutionPod Starry Eyes is a must. One of my favourite films. Please. Alexandra Essoe's performance in it is a cl… https://t.co/TNdy1tEQ2M",FALSE,0,"EvolutionPod",2019-06-10 16:03:38,TRUE,"1137785124370735104","1138114509321723904","878212117899485184","<a href=""http://twitter.com/download/android"" rel=""nofollow"">Twitter for Android</a>","AndyLewin2",0,FALSE,FALSE,NA,NA
"52","@wpc77 @ButterflyGhost_ @stevecantsmell @Kyle_MacLachlan The concept of 'canon' is probably overrated, I imagine Ly… https://t.co/pxYoWRnVXJ",FALSE,5,"wpc77",2019-06-10 15:15:08,TRUE,"1138078064330629122","1138102302387163137","16317740","<a href=""https://mobile.twitter.com"" rel=""nofollow"">Twitter Web App</a>","gerardohoho",0,FALSE,FALSE,NA,NA
"53","Literally one of the best endings to a season ever. Not tryna sound hipster but a lot of you guys really need to wa… https://t.co/1RP6IqEOKq",FALSE,0,NA,2019-06-10 13:33:19,TRUE,NA,"1138076680948465664",NA,"<a href=""http://twitter.com/download/android"" rel=""nofollow"">Twitter for Android</a>","YorkshireH0bbit",0,FALSE,FALSE,NA,NA
"54","Been watching Twin Peaks for the first time the past couple of months, and not many season finales have hit me like… https://t.co/6klpEZYAo9",FALSE,2,NA,2019-06-10 13:25:31,TRUE,NA,"1138074715942215680",NA,"<a href=""http://twitter.com"" rel=""nofollow"">Twitter Web Client</a>","GreenT128",0,FALSE,FALSE,NA,NA
"55","#Top10Series (sin orden)

Twin Peaks
Boardwalk Empire
Mad Men
True Detective
Westworld
Los Soprano
Breaking Bad
Hom… https://t.co/0R590sY9Ry",FALSE,0,NA,2019-06-10 13:02:55,TRUE,NA,"1138069030613454848",NA,"<a href=""http://twitter.com/download/android"" rel=""nofollow"">Twitter for Android</a>","GuillerGP",0,FALSE,FALSE,NA,NA
"56","As a TV selection for the flight I’ve loaded S1 of Game of Thrones, I, Claudius and S2 of Twin Peaks onto my iPad.… https://t.co/EeGeffghWB",FALSE,0,NA,2019-06-10 12:12:30,TRUE,NA,"1138056340897697792",NA,"<a href=""http://tapbots.com/tweetbot"" rel=""nofollow"">Tweetbot for i<U+039F>S</a>","jodrell",0,FALSE,FALSE,NA,NA
"57","RT @TheDoubleRClub: “I have no idea where this will lead us, but I have a definite feeling it will be a place both wonderful and strange”…",FALSE,0,NA,2019-06-10 11:38:06,FALSE,NA,"1138047683657117699",NA,"<a href=""http://www.placeholder.com"" rel=""nofollow"">Twin Peaks bot news</a>","TwinPeaksBotNew",1,TRUE,FALSE,NA,NA
"58","“I have no idea where this will lead us, but I have a definite feeling it will be a place both wonderful and strang… https://t.co/f4OK6Ta8hK",FALSE,0,NA,2019-06-10 11:34:20,TRUE,NA,"1138046734393851909",NA,"<a href=""https://www.ripl.com"" rel=""nofollow"">Ripl App</a>","TheDoubleRClub",1,FALSE,FALSE,NA,NA
"59","@DuganAmanda @DAVID_LYNCH @BurbankBobs That was the first place I ate at when I arrived in LA to film Twin Peaks. I… https://t.co/Cs7VyeZO5a",FALSE,10,"DuganAmanda",2019-06-10 10:37:59,TRUE,"1137815298101456896","1138032555905736705","394159283","<a href=""http://twitter.com/download/iphone"" rel=""nofollow"">Twitter for iPhone</a>","Truseneye92",0,FALSE,FALSE,NA,NA
"60","@ultrabrilliant Imagine it had Twin Peaks.",FALSE,1,"ultrabrilliant",2019-06-10 09:54:43,FALSE,"1138021352944951298","1138021666544635905","16719596","<a href=""https://about.twitter.com/products/tweetdeck"" rel=""nofollow"">TweetDeck</a>","thequiffisdead",0,FALSE,FALSE,NA,NA
"61","RT @TheDoubleRClub: 2011 @DickieBeau is crowned our 2nd Miss Twin Peaks

June 20th we crown our 10th Miss Twin Peaks!

Join us for our FINA…",FALSE,0,NA,2019-06-10 08:53:06,FALSE,NA,"1138006159812636672",NA,"<a href=""http://www.placeholder.com"" rel=""nofollow"">Twin Peaks bot news</a>","TwinPeaksBotNew",1,TRUE,FALSE,NA,NA
"62","2011 @DickieBeau is crowned our 2nd Miss Twin Peaks

June 20th we crown our 10th Miss Twin Peaks!

Join us for our… https://t.co/LQYXO3VmEi",FALSE,2,NA,2019-06-10 08:33:06,TRUE,NA,"1138001127981617154",NA,"<a href=""https://smartpostapp.com"" rel=""nofollow"">Smart Post App</a>","TheDoubleRClub",1,FALSE,FALSE,NA,NA
"63","@bretbacharach I don't know this person but I haven't been blocked. But may be I will now I've said something. Mayb… https://t.co/cUQO11mtQ7",FALSE,1,"bretbacharach",2019-06-10 07:28:23,TRUE,"1137909827492073472","1137984839615954944","872337256924762112","<a href=""http://twitter.com/download/android"" rel=""nofollow"">Twitter for Android</a>","ABoyandHisDog79",0,FALSE,FALSE,NA,NA
"64","#twinpeaks but everyone is played by @davidduchovny (credit to Nicholas Gavin on Twin Peaks logposting - Facebook) https://t.co/PEWMT7lBoK",FALSE,3,NA,2019-06-10 06:21:46,FALSE,NA,"1137968076497084422",NA,"<a href=""http://twitter.com/download/android"" rel=""nofollow"">Twitter for Android</a>","kiwiphroot",0,FALSE,FALSE,NA,NA
"65","@K_FarrellAuthor Twin Peaks",FALSE,0,"K_FarrellAuthor",2019-06-09 21:54:40,FALSE,"1137158382362779648","1137840458971963392","877231664438677504","<a href=""https://mobile.twitter.com"" rel=""nofollow"">Twitter Web App</a>","dannyjhmcgill",0,FALSE,FALSE,NA,NA
"66","@rob_sheridan @Steph_Sheridan_ These games destroyed me. I replayed the whole damn collection including the iPhone,… https://t.co/1bRt2Xh1ka",FALSE,3,"rob_sheridan",2019-06-09 20:10:49,TRUE,"1137799555057999872","1137814324863492096","19668592","<a href=""http://twitter.com/download/iphone"" rel=""nofollow"">Twitter for iPhone</a>","therealowinn",0,FALSE,FALSE,NA,NA
"67","@25YLSite Have you guys ever covered anything on “This Is England”? Just finished the ‘88 series and it’s one of th… https://t.co/mF05EtwYtE",FALSE,1,"25YLSite",2019-06-09 18:43:59,TRUE,NA,"1137792475546947584","861733292525195265","<a href=""http://twitter.com/download/iphone"" rel=""nofollow"">Twitter for iPhone</a>","ItCreeps",0,FALSE,FALSE,NA,NA
"68","""The owls are not what they seem."" (Twin Peaks) https://t.co/RuEjatFysj",FALSE,1,NA,2019-06-09 15:21:43,FALSE,NA,"1137741570017562624",NA,"<a href=""https://about.twitter.com/products/tweetdeck"" rel=""nofollow"">TweetDeck</a>","DerekAC8",0,FALSE,FALSE,NA,NA
"69","Shelley Johnson in Twin Peaks is the absolute pinnacle and I’m fucking besotted even tho it’s 30 years old",FALSE,1,NA,2019-06-09 10:28:53,FALSE,NA,"1137667876800700416",NA,"<a href=""http://twitter.com/download/iphone"" rel=""nofollow"">Twitter for iPhone</a>","CharliePren",0,FALSE,FALSE,NA,NA
"70","The final twenty minutes of the last episode of the second season of Twin Peaks are beyond surreal. Actually imposs… https://t.co/DIrCYNiyKx",FALSE,1,NA,2019-06-09 09:30:34,TRUE,NA,"1137653201082228736",NA,"<a href=""http://twitter.com/#!/download/ipad"" rel=""nofollow"">Twitter for iPad</a>","JamesJJJoyce",0,FALSE,FALSE,NA,NA
"71","@BigT_00 Twin Peaks",FALSE,0,"BigT_00",2019-06-09 08:30:06,FALSE,"1137412562193174528","1137637982712803329","807929549308788740","<a href=""http://twitter.com/download/iphone"" rel=""nofollow"">Twitter for iPhone</a>","ronhuntley8",0,FALSE,FALSE,NA,NA
"72","@circuitstatic Twin peaks",FALSE,1,"circuitstatic",2019-06-09 01:38:43,FALSE,"1137521746368581632","1137534456238149632","2249849556","<a href=""http://twitter.com/download/android"" rel=""nofollow"">Twitter for Android</a>","OpusScience",0,FALSE,FALSE,NA,NA
"73","And can Lynch/Frost please get on to Twin Peaks S4 stat because we need to see this https://t.co/c9OeUetUzi",FALSE,2,"antovolk",2019-06-08 22:50:34,FALSE,"1137482612820336640","1137492141293391872","20751553","<a href=""http://twitter.com/download/android"" rel=""nofollow"">Twitter for Android</a>","antovolk",0,FALSE,FALSE,NA,NA
"74","oscar worthy performance from laura dern/10

seriously though, what. Now I see where a LOT of Twin Peaks S3 came fr… https://t.co/fwsjfULnD3",FALSE,9,NA,2019-06-08 22:02:11,TRUE,NA,"1137479963798642690",NA,"<a href=""http://www.vero.co"" rel=""nofollow"">Vero - True Social</a>","antovolk",0,FALSE,FALSE,NA,NA
"75","Finally treated myself to DVD box set of Twin Peaks,   loving reliving the memories and great stories and seeing th… https://t.co/XQ3zShxPTQ",FALSE,2,NA,2019-06-08 21:14:44,TRUE,NA,"1137468023940558851",NA,"<a href=""http://twitter.com/download/android"" rel=""nofollow"">Twitter for Android</a>","ddphotograph",0,FALSE,FALSE,NA,NA
"76","@sherilynfenn1 finally bought the DVD box set of Twin Peaks as a birthday treat.  Loving it,so many memories and lo… https://t.co/UKq9wuKyrz",FALSE,0,"sherilynfenn1",2019-06-08 21:05:26,TRUE,NA,"1137465681090371584","3146174539","<a href=""http://twitter.com/download/android"" rel=""nofollow"">Twitter for Android</a>","ddphotograph",0,FALSE,FALSE,NA,NA
"77","Best scene in Twin Peaks The Return? <U+0001F602> https://t.co/blIhy5bAD4",FALSE,0,NA,2019-06-08 21:03:38,FALSE,NA,"1137465228210442245",NA,"<a href=""http://twitter.com/#!/download/ipad"" rel=""nofollow"">Twitter for iPad</a>","ashrussell88",0,FALSE,FALSE,NA,NA
"78","@TheDoubleRClub Hey Guys. If I'm understanding correctly (I have Lyme disease so my brain is pretty foggy) if I'd d… https://t.co/Uk7wQHZMOa",FALSE,1,"TheDoubleRClub",2019-06-08 20:45:40,TRUE,NA,"1137460707400781824","2424291344","<a href=""http://twitter.com"" rel=""nofollow"">Twitter Web Client</a>","STOOIRESEN",0,FALSE,FALSE,NA,NA
"79","@BigT_00 Twin peaks series 1",FALSE,1,"BigT_00",2019-06-08 20:36:13,FALSE,"1137412562193174528","1137458330320945152","807929549308788740","<a href=""http://twitter.com/download/iphone"" rel=""nofollow"">Twitter for iPhone</a>","cherylbekind",0,FALSE,FALSE,NA,NA
"80","RT @demarionunn: *twin peaks voice* it’s happening again https://t.co/9hSrBwtRBF",FALSE,0,NA,2019-06-08 19:48:57,FALSE,NA,"1137446434519834624",NA,"<a href=""http://twitter.com/download/iphone"" rel=""nofollow"">Twitter for iPhone</a>","otheranthony",2,TRUE,FALSE,NA,NA
"81","RT @demarionunn: *twin peaks voice* it’s happening again https://t.co/9hSrBwtRBF",FALSE,0,NA,2019-06-08 19:28:05,FALSE,NA,"1137441184350183424",NA,"<a href=""http://twitter.com"" rel=""nofollow"">Twitter Web Client</a>","Ankaman616",2,TRUE,FALSE,NA,NA
"82","*twin peaks voice* it’s happening again https://t.co/9hSrBwtRBF",FALSE,43,NA,2019-06-08 19:24:54,FALSE,NA,"1137440381921046528",NA,"<a href=""http://twitter.com/download/iphone"" rel=""nofollow"">Twitter for iPhone</a>","demarionunn",2,FALSE,FALSE,NA,NA
"83","@TheDoubleRClub @ImoveCar @cabaretVScancer Hi, yes I'd love to support the tombola at the UK Twin Peaks Festival! L… https://t.co/DgRdJrkfoo",FALSE,3,"TheDoubleRClub",2019-06-08 17:06:51,TRUE,"1137358167929774080","1137405642858254337","2424291344","<a href=""http://twitter.com"" rel=""nofollow"">Twitter Web Client</a>","STOOIRESEN",0,FALSE,FALSE,NA,NA
"84","@Poundland thought I'd treat myself to one of your twin peaks bar after checking the ingredients on the wrapper I w… https://t.co/FLn9GlfWak",FALSE,0,"Poundland",2019-06-08 14:02:28,TRUE,NA,"1137359239712825344","39240629","<a href=""http://twitter.com/download/android"" rel=""nofollow"">Twitter for Android</a>","JakeMillard96",0,FALSE,FALSE,NA,NA
"85","@STOOIRESEN @ImoveCar These are fab! 
If you’d like to support the @cabaretVScancer tombola at the Twin Peaks UK fe… https://t.co/CrNMRWe6qV",FALSE,3,"STOOIRESEN",2019-06-08 13:58:12,TRUE,"1137017969719087104","1137358167929774080","1089995282","<a href=""http://twitter.com/download/iphone"" rel=""nofollow"">Twitter for iPhone</a>","TheDoubleRClub",0,FALSE,FALSE,NA,NA
"86","@MagsVisaggs that's everybody in twin peaks though",FALSE,0,"MagsVisaggs",2019-06-08 13:55:46,FALSE,"1137347895286542337","1137357552734363648","2319062221","<a href=""http://twitter.com/download/android"" rel=""nofollow"">Twitter for Android</a>","rotatingcube",0,FALSE,FALSE,NA,NA
"87","@K_FarrellAuthor Twin peaks or I Claudius",FALSE,0,"K_FarrellAuthor",2019-06-08 13:40:41,FALSE,"1137158382362779648","1137353758428606465","877231664438677504","<a href=""http://twitter.com/download/android"" rel=""nofollow"">Twitter for Android</a>","AmandaGreenUK",0,FALSE,FALSE,NA,NA
"88","Twin Peaks on Showtime on Twitter https://t.co/sxLigB1wme",FALSE,0,NA,2019-06-08 11:50:12,FALSE,NA,"1137325953699471361",NA,"<a href=""http://www.facebook.com/twitter"" rel=""nofollow"">Facebook</a>","SUORTX",0,FALSE,FALSE,NA,NA
"89","RT @TheDoubleRClub: “I have no idea where this will lead us, but I have a definite feeling it will be a place both wonderful and strange”…",FALSE,0,NA,2019-06-08 11:44:27,FALSE,NA,"1137324507050512391",NA,"<a href=""http://www.placeholder.com"" rel=""nofollow"">Twin Peaks bot news</a>","TwinPeaksBotNew",2,TRUE,FALSE,NA,NA
"90","RT @TheDoubleRClub: “I have no idea where this will lead us, but I have a definite feeling it will be a place both wonderful and strange”…",FALSE,0,NA,2019-06-08 11:36:01,FALSE,NA,"1137322385189814274",NA,"<a href=""http://twitter.com"" rel=""nofollow"">Twitter Web Client</a>","velvetboxoffice",2,TRUE,FALSE,NA,NA
"91","“I have no idea where this will lead us, but I have a definite feeling it will be a place both wonderful and strang… https://t.co/ifRfPxie2L",FALSE,2,NA,2019-06-08 11:34:02,TRUE,NA,"1137321884922589184",NA,"<a href=""https://www.ripl.com"" rel=""nofollow"">Ripl App</a>","TheDoubleRClub",2,FALSE,FALSE,NA,NA
"92","@FirstToLastPod Top three Twin Peaks episodes (this is probably a hard one)",FALSE,1,"FirstToLastPod",2019-06-08 10:05:04,FALSE,"1136767117544439808","1137299494578589696","700873829137063937","<a href=""http://twitter.com"" rel=""nofollow"">Twitter Web Client</a>","jalexg_",0,FALSE,FALSE,NA,NA
"93","Who will be crowned our 10th Miss Twin Peaks?

Join us June 20th at @bgwmc for our FINAL SHOW of the season AND THE… https://t.co/FjML0ojtJK",FALSE,0,NA,2019-06-08 09:37:08,TRUE,NA,"1137292465160040463",NA,"<a href=""https://smartpostapp.com"" rel=""nofollow"">Smart Post App</a>","TheDoubleRClub",0,FALSE,FALSE,NA,NA
"94","@miksullivan Action: Airwolf/The Equalizer
Drama: Twin Peaks/Edge of Darkness
Cartoon: Ulysses31/Batman:The Animated Series",FALSE,0,"miksullivan",2019-06-08 08:05:40,FALSE,"1137048366146342912","1137269449906692096","310681410","<a href=""http://twitter.com/download/android"" rel=""nofollow"">Twitter for Android</a>","Packatrix",0,FALSE,FALSE,NA,NA
"95","@IMDb Twin Peaks <U+0001F47A><U+0001F44D><U+0001F3FB><U+0001F434><U+0001F332><U+0001F3D4><U+0001F3D4><U+0001F352><U+0001F369><U+2615><U+FE0F>",FALSE,0,"IMDb",2019-06-08 07:59:31,FALSE,"1137081796980629508","1137267901638070273","17602896","<a href=""http://twitter.com/download/iphone"" rel=""nofollow"">Twitter for iPhone</a>","PsychChris101",0,FALSE,FALSE,NA,NA
"96","@Smamfa75 <U+0001F602><U+0001F602><U+0001F602> I did, thanks.

Once got a twin peaks tweet liked by Kyle mclachlan. Nearly passed out.",FALSE,1,"Smamfa75",2019-06-08 07:45:41,FALSE,"1137264010913603584","1137264419463946240","19555168","<a href=""http://twitter.com/download/android"" rel=""nofollow"">Twitter for Android</a>","garland_briggs",0,FALSE,FALSE,NA,NA
"97","@Smamfa75 Twin peaks <U+0001F60D>",FALSE,0,"Smamfa75",2019-06-08 07:42:25,FALSE,"1137263089173323776","1137263596654739462","19555168","<a href=""http://twitter.com/download/android"" rel=""nofollow"">Twitter for Android</a>","garland_briggs",0,FALSE,FALSE,NA,NA
"98","@MJWOODFORD1988 I could quite easily add 
Battlestar galatica 
Twin peaks 
Breaking bad 
The wire 
The expanse 
Too… https://t.co/hrD7pfwY7V",FALSE,1,"markiedeemaltby",2019-06-08 04:32:49,TRUE,"1137213807233839104","1137215884295098368","365655268","<a href=""http://twitter.com/download/android"" rel=""nofollow"">Twitter for Android</a>","markiedeemaltby",0,FALSE,FALSE,NA,NA
"99","@esaxey Liminal space? I immediately go to the Red Room in Twin Peaks, but that's so specific",FALSE,1,"esaxey",2019-06-07 23:37:18,FALSE,"1137116943130005504","1137141514709217281","38424147","<a href=""http://twitter.com/download/android"" rel=""nofollow"">Twitter for Android</a>","AdlaiM",0,FALSE,FALSE,NA,NA
"100","@crecenteb there is a bit of twin peaks bob going on here that trimming might emphasise!",FALSE,0,"crecenteb",2019-06-07 20:58:34,FALSE,"1137013203899179008","1137101567461642240","14155052","<a href=""https://mobile.twitter.com"" rel=""nofollow"">Twitter Web App</a>","Keizer1337",0,FALSE,FALSE,NA,NA
"101","Gabby just said my EP sounds like Twin Peaks so I can die happy now",FALSE,3,NA,2019-06-07 19:18:15,FALSE,NA,"1137076321689964544",NA,"<a href=""http://twitter.com/download/android"" rel=""nofollow"">Twitter for Android</a>","willis_molly",1,FALSE,FALSE,NA,NA
"102","@UnabashedlyErin On that note, another pet peeve was how ABC cancelled Twin Peaks after two seasons, but with Twin… https://t.co/lYWugwcYyB",FALSE,1,"UnabashedlyErin",2019-06-07 18:04:59,TRUE,"1136746975221682181","1137057881679978496","3636678628","<a href=""http://twitter.com/download/iphone"" rel=""nofollow"">Twitter for iPhone</a>","PipThorne",0,FALSE,FALSE,NA,NA
"103","THE THIRD GUEST TO THE 2019 TWIN PEAKS UK FESTIVAL WILL BE ANNOUNCED IN 1 HOUR! 

Here’s your third and final clue… https://t.co/AHEY9W3i8w",FALSE,7,NA,2019-06-07 17:59:58,TRUE,NA,"1137056621002207233",NA,"<a href=""http://twitter.com/download/iphone"" rel=""nofollow"">Twitter for iPhone</a>","TwinPeaksUKFest",0,FALSE,FALSE,NA,NA
"104","@marysuewriter Fun Fact: One of Alex Hersh's influences was the David Lycnh's TV show Twin Peaks. Hersh wanted Lync… https://t.co/wJGxaeZhHo",FALSE,3,"marysuewriter",2019-06-07 17:58:15,TRUE,"1137055739996823552","1137056190498856961","182710236","<a href=""http://twitter.com"" rel=""nofollow"">Twitter Web Client</a>","JonathanEilbeck",0,FALSE,FALSE,NA,NA
"105","RT @SpeaksAngie: NEW VIDEO<U+0001F525>!  My new wild and wonderful Twin -Peaks- esque Video will premiere tonight at 11pm BST 6pm EST! Come join me on…",FALSE,0,NA,2019-06-07 15:17:41,FALSE,NA,"1137015779550011392",NA,"<a href=""http://twitter.com/download/iphone"" rel=""nofollow"">Twitter for iPhone</a>","RepressedPauper",44,TRUE,FALSE,NA,NA
"106","I’m still thinking about @ComradeTheBear and Twin Peaks but just in the town with weird shit going down and just go… https://t.co/tl8cpI2wcU",FALSE,3,NA,2019-06-07 15:00:29,TRUE,NA,"1137011452211093507",NA,"<a href=""http://twitter.com/download/iphone"" rel=""nofollow"">Twitter for iPhone</a>","Ebonfyre",0,FALSE,FALSE,NA,NA
"107","@FilmbustersAdam @FilmbustersPaul @DanJPearce @FrancisSiberini @letterboxd @FilmBustersPOD Thanks for pointing the… https://t.co/pSlNKuSNHa",FALSE,1,"filmbustersben",2019-06-07 14:32:00,TRUE,"1136999159377141762","1137004285844217857","1057684009386422272","<a href=""http://twitter.com/download/android"" rel=""nofollow"">Twitter for Android</a>","filmbustersben",0,FALSE,FALSE,NA,NA
"108","RT @thebluerose84: ""Twin Peaks 2017: The Evolving Enigma of Judy"" via @vocal_creators #TwinPeaks #DavidLynch https://t.co/MJyDJHKaBe",FALSE,0,NA,2019-06-07 14:18:13,FALSE,NA,"1137000816169148417",NA,"<a href=""http://twitter.com/download/android"" rel=""nofollow"">Twitter for Android</a>","needsmorealeph",1,TRUE,FALSE,NA,NA
"109","""Twin Peaks 2017: The Evolving Enigma of Judy"" via @vocal_creators #TwinPeaks #DavidLynch https://t.co/MJyDJHKaBe",FALSE,1,NA,2019-06-07 14:09:35,FALSE,NA,"1136998643209314306",NA,"<a href=""http://twitter.com/download/android"" rel=""nofollow"">Twitter for Android</a>","thebluerose84",1,FALSE,FALSE,NA,NA
"110","@MagogCartel @OddworldInc The use of the Twin Peaks font on this brings together two of my favourite things ever. D… https://t.co/83iHazil1S",FALSE,0,"MagogCartel",2019-06-07 14:03:48,TRUE,"1136987550185394176","1136997188138078210","888411666186219520","<a href=""http://twitter.com"" rel=""nofollow"">Twitter Web Client</a>","GreenT128",0,FALSE,FALSE,NA,NA
"111","I love twin peaks season 3 https://t.co/tKZY1WHZUN",FALSE,0,NA,2019-06-07 13:31:02,FALSE,NA,"1136988941998055424",NA,"<a href=""http://twitter.com/download/iphone"" rel=""nofollow"">Twitter for iPhone</a>","curtiselvidge",0,FALSE,FALSE,NA,NA
"112","is the third season of twin peaks good and should i watch that after i watch the movie ?? ?",FALSE,1,NA,2019-06-07 12:57:50,FALSE,NA,"1136980588215320576",NA,"<a href=""http://twitter.com/download/iphone"" rel=""nofollow"">Twitter for iPhone</a>","megathornberry",0,FALSE,FALSE,NA,NA
"113","RT @TheDoubleRClub: 2018 @Keithicism is crowned the 9th Miss Twin Peaks

June 20th we crown our 10th Miss Twin Peaks!

Join us for our FINA…",FALSE,0,NA,2019-06-07 12:22:33,FALSE,NA,"1136971707179261952",NA,"<a href=""http://www.placeholder.com"" rel=""nofollow"">Twin Peaks bot news</a>","TwinPeaksBotNew",1,TRUE,FALSE,NA,NA
"114","2018 @Keithicism is crowned the 9th Miss Twin Peaks

June 20th we crown our 10th Miss Twin Peaks!

Join us for our… https://t.co/erWMVS2pKU",FALSE,1,NA,2019-06-07 12:15:06,TRUE,NA,"1136969832627392512",NA,"<a href=""https://smartpostapp.com"" rel=""nofollow"">Smart Post App</a>","TheDoubleRClub",1,FALSE,FALSE,NA,NA
"115","June 20th we will crown our 10th Miss Twin Peaks!! 

Who will take the crown?! 

Our BIGGEST crown ever!… https://t.co/8dLT1n9cxJ",FALSE,2,NA,2019-06-07 11:01:06,TRUE,NA,"1136951210307723264",NA,"<a href=""https://smartpostapp.com"" rel=""nofollow"">Smart Post App</a>","TheDoubleRClub",1,FALSE,FALSE,NA,NA
"116","@TByrne75 @thatwearwolf 1.the Nazis in well anything but let’s say raiders of the lost ark 2 bob in twin peaks 3. B… https://t.co/iBeFj8XGrQ",FALSE,0,"TByrne75",2019-06-07 11:00:34,TRUE,"1136906337856544769","1136951076249169921","881544319","<a href=""http://twitter.com/#!/download/ipad"" rel=""nofollow"">Twitter for iPad</a>","vjwsydney",0,FALSE,FALSE,NA,NA
"117","@BetterThanToday Oh nooooo I wrote my ENTIRE dissertation on Lynch, specifically focusing on Twin Peaks it is SO good and bizarre",FALSE,0,"BetterThanToday",2019-06-07 06:49:39,FALSE,"1136751529510264832","1136887930482495488","29003758","<a href=""http://twitter.com/download/iphone"" rel=""nofollow"">Twitter for iPhone</a>","shirleysherlock",0,FALSE,FALSE,NA,NA
"118","one (1) wholesome relationship on twin peaks https://t.co/6K8A3asK6l",FALSE,2,NA,2019-06-07 04:15:07,FALSE,NA,"1136849038836359170",NA,"<a href=""http://twitter.com/download/iphone"" rel=""nofollow"">Twitter for iPhone</a>","megathornberry",0,FALSE,FALSE,NA,NA
"119","um excuse me i just finished season 2 of twin peaks what the fuck",FALSE,5,NA,2019-06-07 03:01:52,FALSE,NA,"1136830605134573568",NA,"<a href=""http://twitter.com/download/iphone"" rel=""nofollow"">Twitter for iPhone</a>","megathornberry",0,FALSE,FALSE,NA,NA
"120","I want to watch some more Twin Peaks but I would also like this: to not be scared.",FALSE,2,NA,2019-06-07 03:01:10,FALSE,NA,"1136830429426790401",NA,"<a href=""http://twitter.com"" rel=""nofollow"">Twitter Web Client</a>","wordsofquiet",0,FALSE,FALSE,NA,NA
"121","RT @IncomingFest: Twin Peaks meets Serial in The Basement Tapes, an ‘intimate and spine-tingling’ (@TheStage) mystery from Fringe First win…",FALSE,0,NA,2019-06-07 02:45:04,FALSE,NA,"1136826376743317505",NA,"<a href=""http://twitter.com/download/iphone"" rel=""nofollow"">Twitter for iPhone</a>","lauradarcierob2",3,TRUE,FALSE,NA,NA
"122","how long do we have til the ""is twin peaks the return tv or is it film"" discourse starts again bc of best of the decade lists",FALSE,1,NA,2019-06-06 21:53:22,FALSE,NA,"1136752968982781953",NA,"<a href=""http://twitter.com/download/android"" rel=""nofollow"">Twitter for Android</a>","edknock",0,FALSE,FALSE,NA,NA
"123","Also don’t get me started on Twin Peaks 2017. What a load of old shit that was",FALSE,0,"BetterThanToday",2019-06-06 21:49:43,FALSE,"1136751863410384896","1136752049234874368","29003758","<a href=""http://twitter.com/download/iphone"" rel=""nofollow"">Twitter for iPhone</a>","BetterThanToday",0,FALSE,FALSE,NA,NA
"124","you know what, sometimes I come to the conclusion that David Lynch just fucking sucks.

He had a perfect premise fo… https://t.co/AFUzA2YBpp",FALSE,0,NA,2019-06-06 21:47:39,TRUE,NA,"1136751529510264832",NA,"<a href=""http://twitter.com/download/iphone"" rel=""nofollow"">Twitter for iPhone</a>","BetterThanToday",0,FALSE,FALSE,NA,NA
"125","@mbti_insights Twin Peaks",FALSE,0,"mbti_insights",2019-06-06 20:45:29,FALSE,"1136038377126584320","1136735887398772744","1059584832081182720","<a href=""https://mobile.twitter.com"" rel=""nofollow"">Twitter Web App</a>","LSalt1",0,FALSE,FALSE,NA,NA
"126","RT @TwinPeaksUKFest: THE THIRD GUEST TO THE 2019 TWIN PEAKS UK FESTIVAL ANNOUNCED TOMORROW 8PM! 

Here’s your second clue Peakies! Who will…",FALSE,0,NA,2019-06-06 20:39:04,FALSE,NA,"1136734272440737797",NA,"<a href=""http://twitter.com/download/iphone"" rel=""nofollow"">Twitter for iPhone</a>","BlueRoseMag1",8,TRUE,FALSE,NA,NA
"127","RT @DianePodcast: Poor old Gordon. He doesn't understand this situation at all. Let's see if we can help him out in our NEW PODCAST.  #Twin…",FALSE,0,NA,2019-06-06 20:25:17,FALSE,NA,"1136730803059265536",NA,"<a href=""http://twitter.com/download/iphone"" rel=""nofollow"">Twitter for iPhone</a>","thedorkmite",17,TRUE,FALSE,NA,NA
"128","@mssfax @Positivteacha @amymayforrester @Mr_Bunker_edu That's Twin Peaks-esque",FALSE,2,"mssfax",2019-06-06 20:21:07,FALSE,"1136729288747732993","1136729753451466753","203615441","<a href=""http://twitter.com/download/android"" rel=""nofollow"">Twitter for Android</a>","judehunton",0,FALSE,FALSE,NA,NA
"129","RT @DianePodcast: Poor old Gordon. He doesn't understand this situation at all. Let's see if we can help him out in our NEW PODCAST.  #Twin…",FALSE,0,NA,2019-06-06 20:18:55,FALSE,NA,"1136729198746378254",NA,"<a href=""http://twitter.com/download/android"" rel=""nofollow"">Twitter for Android</a>","AdlaiM",17,TRUE,FALSE,NA,NA
"130","RT @IncomingFest: Twin Peaks meets Serial in The Basement Tapes, an ‘intimate and spine-tingling’ (@TheStage) mystery from Fringe First win…",FALSE,0,NA,2019-06-06 20:07:24,FALSE,NA,"1136726301362888705",NA,"<a href=""http://twitter.com/download/iphone"" rel=""nofollow"">Twitter for iPhone</a>","_star_jokes",3,TRUE,FALSE,NA,NA
"131","RT @DianePodcast: Poor old Gordon. He doesn't understand this situation at all. Let's see if we can help him out in our NEW PODCAST.  #Twin…",FALSE,0,NA,2019-06-06 19:41:12,FALSE,NA,"1136719709406203906",NA,"<a href=""http://twitter.com/download/android"" rel=""nofollow"">Twitter for Android</a>","QBatPod",17,TRUE,FALSE,NA,NA
"132","Netflix recommendation: If the idea of watching a combination of ‘The X-Files’, ‘Twin Peaks’ and ‘The Returned’ gra… https://t.co/bl1KxAhayZ",FALSE,2,NA,2019-06-06 19:39:29,TRUE,NA,"1136719278156197895",NA,"<a href=""http://twitter.com/download/iphone"" rel=""nofollow"">Twitter for iPhone</a>","effcee1969",0,FALSE,FALSE,NA,NA
"133","RT @TwinPeaksUKFest: THE THIRD GUEST TO THE 2019 TWIN PEAKS UK FESTIVAL ANNOUNCED TOMORROW 8PM! 

Here’s your second clue Peakies! Who will…",FALSE,0,NA,2019-06-06 19:32:45,FALSE,NA,"1136717580461387781",NA,"<a href=""http://www.placeholder.com"" rel=""nofollow"">Twin Peaks bot news</a>","TwinPeaksBotNew",8,TRUE,FALSE,NA,NA
"134","RT @TwinPeaksUKFest: THE THIRD GUEST TO THE 2019 TWIN PEAKS UK FESTIVAL ANNOUNCED TOMORROW 8PM! 

Here’s your second clue Peakies! Who will…",FALSE,0,NA,2019-06-06 19:24:06,FALSE,NA,"1136715407216193536",NA,"<a href=""http://twitter.com"" rel=""nofollow"">Twitter Web Client</a>","TwinPeaksUnwrap",8,TRUE,FALSE,NA,NA
"135","@tinycIanger @danwaterfield My lovely American wife says you sounded like one of the backwards talking people in Twin Peaks.",FALSE,0,"tinycIanger",2019-06-06 19:08:24,FALSE,"1136709689801170944","1136711453065588736","992894001832497158","<a href=""http://twitter.com/download/android"" rel=""nofollow"">Twitter for Android</a>","theangelremiel",0,FALSE,FALSE,NA,NA
"136","Somehow I forgot how utterly dang weird Twin Peaks is.",FALSE,1,NA,2019-06-06 19:06:03,FALSE,NA,"1136710862390157312",NA,"<a href=""http://twitter.com"" rel=""nofollow"">Twitter Web Client</a>","wordsofquiet",0,FALSE,FALSE,NA,NA
"137","THE THIRD GUEST TO THE 2019 TWIN PEAKS UK FESTIVAL ANNOUNCED TOMORROW 8PM! 

Here’s your second clue Peakies! Who w… https://t.co/rJ5KeotY6T",FALSE,24,NA,2019-06-06 18:58:23,TRUE,NA,"1136708934289563648",NA,"<a href=""http://twitter.com/download/iphone"" rel=""nofollow"">Twitter for iPhone</a>","TwinPeaksUKFest",8,FALSE,FALSE,NA,NA
"138","@BrianShenton54 I did watch Twin Peaks but I don’t think I ever really quite *got* it",FALSE,0,"BrianShenton54",2019-06-06 17:21:11,FALSE,"1136682729259634688","1136684472743735301","2357912379","<a href=""http://twitter.com/download/iphone"" rel=""nofollow"">Twitter for iPhone</a>","thatchamdad",0,FALSE,FALSE,NA,NA
"139","June 20th we will crown our 10th Miss Twin Peaks!! 

Who will take the crown?! 

Our BIGGEST crown ever!… https://t.co/AlzdOP9eSq",FALSE,0,NA,2019-06-06 16:03:06,TRUE,NA,"1136664823310299136",NA,"<a href=""https://smartpostapp.com"" rel=""nofollow"">Smart Post App</a>","TheDoubleRClub",0,FALSE,FALSE,NA,NA
"140","Drinking a Twin Peaks by @thornbridge/@SierraNevada @ Saville Square — https://t.co/e5G0werDOI",FALSE,0,NA,2019-06-06 16:02:08,FALSE,NA,"1136664578862043141",NA,"<a href=""https://untappd.com"" rel=""nofollow"">Untappd</a>","Englishchapmike",0,FALSE,FALSE,NA,NA
"141","CAOS, Supergirl, Babylon 5, BSG, STTNG, B&amp;B, Xena, Dark Matter, OITNB, Defiance, Twin Peaks fandoms I have been apa… https://t.co/vWwAkSa1Q1",FALSE,11,NA,2019-06-06 13:35:20,TRUE,NA,"1136627634769661952",NA,"<a href=""http://twitter.com"" rel=""nofollow"">Twitter Web Client</a>","Robotmeile",0,FALSE,FALSE,NA,NA
"142","RT @Leon305633591: @wheeliedealer Spot on, just listened to the latest twin peaks podcast on a walk. Loving to insight and content. Keep it…",FALSE,0,NA,2019-06-06 13:23:39,FALSE,NA,"1136624695267213317",NA,"<a href=""http://twitter.com/download/android"" rel=""nofollow"">Twitter for Android</a>","wheeliedealer",1,TRUE,FALSE,NA,NA
"143","@wheeliedealer Spot on, just listened to the latest twin peaks podcast on a walk. Loving to insight and content. Ke… https://t.co/SYNVaBeZ4z",FALSE,3,"wheeliedealer",2019-06-06 12:56:00,TRUE,"1136611022238826497","1136617738728804352","2822379212","<a href=""http://twitter.com/download/iphone"" rel=""nofollow"">Twitter for iPhone</a>","Leon305633591",1,FALSE,FALSE,NA,NA
"144","@MrKenShabby Wasn’t Twin Peaks the story about one of that year’s presenters - Samantha Fox?",FALSE,0,"MrKenShabby",2019-06-06 12:00:10,FALSE,"1136585075741646848","1136603686715699200","49031126","<a href=""http://twitter.com/download/iphone"" rel=""nofollow"">Twitter for iPhone</a>","iamcjharris",0,FALSE,FALSE,NA,NA
"145","@YesitsAlistair I concur with your stance on this entirely EXCEPT for one particular case where Twin Peaks: The Ret… https://t.co/1M2GBiISrx",FALSE,1,"YesitsAlistair",2019-06-06 11:53:39,TRUE,"1136601462858010625","1136602046898081792","419486068","<a href=""http://twitter.com/download/iphone"" rel=""nofollow"">Twitter for iPhone</a>","BenjyBox",0,FALSE,FALSE,NA,NA
"146","@Albertotufaile thanks Alberto and I noticed the clever use of the twin peaks colour pallette.very nice.",FALSE,0,"Albertotufaile",2019-06-06 11:50:44,FALSE,"1136263125831958528","1136601312802590720","72424841","<a href=""http://twitter.com"" rel=""nofollow"">Twitter Web Client</a>","stott_bd",0,FALSE,FALSE,NA,NA
"147","RT @DianePodcast: Poor old Gordon. He doesn't understand this situation at all. Let's see if we can help him out in our NEW PODCAST.  #Twin…",FALSE,0,NA,2019-06-06 11:36:52,FALSE,NA,"1136597823888199682",NA,"<a href=""http://twitter.com/download/android"" rel=""nofollow"">Twitter for Android</a>","thebluerose84",17,TRUE,FALSE,NA,NA
"148","“I have no idea where this will lead us, but I have a definite feeling it will be a place both wonderful and strang… https://t.co/MpM3CsmxWh",FALSE,1,NA,2019-06-06 11:33:08,TRUE,NA,"1136596884884246528",NA,"<a href=""https://www.ripl.com"" rel=""nofollow"">Ripl App</a>","TheDoubleRClub",0,FALSE,FALSE,NA,NA
"149","June 20th we want crown our 10th Miss Twin Peaks!! Who will take the crown?! With the BIGGEST crown ever!… https://t.co/9JcXMeoM0i",FALSE,1,NA,2019-06-06 11:17:07,TRUE,NA,"1136592852174200833",NA,"<a href=""https://www.ripl.com"" rel=""nofollow"">Ripl App</a>","TheDoubleRClub",1,FALSE,FALSE,NA,NA
"150","@heathen_king TWIN PEAKS!",FALSE,1,"heathen_king",2019-06-06 11:04:04,FALSE,"1136586277120303104","1136589569128849408","21129724","<a href=""http://twitter.com/download/android"" rel=""nofollow"">Twitter for Android</a>","GameOverRos",0,FALSE,FALSE,NA,NA
"151","RT @IncomingFest: Twin Peaks meets Serial in The Basement Tapes, an ‘intimate and spine-tingling’ (@TheStage) mystery from Fringe First win…",FALSE,0,NA,2019-06-06 10:16:10,FALSE,NA,"1136577513017270274",NA,"<a href=""https://www.hootsuite.com"" rel=""nofollow"">Hootsuite Inc.</a>","tftheatres",3,TRUE,FALSE,NA,NA
"152","I guess someone somewhere has already made the link between the 'Judy' sound in Twin Peaks: The Return and the soun… https://t.co/KbffV09iLZ",FALSE,0,NA,2019-06-06 09:38:25,TRUE,NA,"1136568014747459585",NA,"<a href=""http://twitter.com"" rel=""nofollow"">Twitter Web Client</a>","ROCKFORTSHOW",0,FALSE,FALSE,NA,NA
"153","Hettich UK team set to scale Twin Peaks in memory of colleague https://t.co/wuRR8CMmv4 https://t.co/lbdFCXE4L0",FALSE,0,NA,2019-06-06 09:14:06,FALSE,NA,"1136561892166475776",NA,"<a href=""https://dlvrit.com/"" rel=""nofollow"">dlvr.it</a>","CascadeWaterUK",0,FALSE,FALSE,NA,NA
"154","@Yuecake Good calls! BSG up to mid season 3 is definitely up there. Let's pretend most of Twin Peaks season 2 didn'… https://t.co/RfFtTSEmRu",FALSE,1,"Yuecake",2019-06-06 08:30:34,TRUE,"1136548659703746560","1136550938980880385","15059872","<a href=""http://twitter.com/download/android"" rel=""nofollow"">Twitter for Android</a>","edgeblend",0,FALSE,FALSE,NA,NA
"155","RT @DianePodcast: Poor old Gordon. He doesn't understand this situation at all. Let's see if we can help him out in our NEW PODCAST.  #Twin…",FALSE,0,NA,2019-06-06 08:20:10,FALSE,NA,"1136548322578259969",NA,"<a href=""http://twitter.com"" rel=""nofollow"">Twitter Web Client</a>","NotNowRosie",17,TRUE,FALSE,NA,NA
"156","RT @DianePodcast: Poor old Gordon. He doesn't understand this situation at all. Let's see if we can help him out in our NEW PODCAST.  #Twin…",FALSE,0,NA,2019-06-06 08:04:06,FALSE,NA,"1136544277130072074",NA,"<a href=""http://twitter.com/download/android"" rel=""nofollow"">Twitter for Android</a>","ItchyBarry",17,TRUE,FALSE,NA,NA
"157","RT @SpeaksAngie: NEW VIDEO<U+0001F525>!  My new wild and wonderful Twin -Peaks- esque Video will premiere tonight at 11pm BST 6pm EST! Come join me on…",FALSE,0,NA,2019-06-06 07:41:51,FALSE,NA,"1136538680586170368",NA,"<a href=""http://twitter.com/download/iphone"" rel=""nofollow"">Twitter for iPhone</a>","Andi_says_shit",44,TRUE,FALSE,NA,NA
"158","RT @DianePodcast: Poor old Gordon. He doesn't understand this situation at all. Let's see if we can help him out in our NEW PODCAST.  #Twin…",FALSE,0,NA,2019-06-06 04:12:03,FALSE,NA,"1136485878614769664",NA,"<a href=""http://twitter.com/download/iphone"" rel=""nofollow"">Twitter for iPhone</a>","seanny_side_up",17,TRUE,FALSE,NA,NA
"159","RT @DianePodcast: Poor old Gordon. He doesn't understand this situation at all. Let's see if we can help him out in our NEW PODCAST.  #Twin…",FALSE,0,NA,2019-06-06 03:55:43,FALSE,NA,"1136481769711185920",NA,"<a href=""http://twitter.com/download/iphone"" rel=""nofollow"">Twitter for iPhone</a>","kingweaponmusic",17,TRUE,FALSE,NA,NA
"160","RT @DianePodcast: Poor old Gordon. He doesn't understand this situation at all. Let's see if we can help him out in our NEW PODCAST.  #Twin…",FALSE,0,NA,2019-06-06 03:24:10,FALSE,NA,"1136473830367477760",NA,"<a href=""https://mobile.twitter.com"" rel=""nofollow"">Twitter Web App</a>","LongtimePrint",17,TRUE,FALSE,NA,NA
"161","RT @FrostFrmFire: Watching Twin Peaks with @ProducerTrav (who is the only person I ever want to watch Twin Peaks with although would love t…",FALSE,0,NA,2019-06-06 02:18:42,FALSE,NA,"1136457353254055936",NA,"<a href=""http://twitter.com/download/android"" rel=""nofollow"">Twitter for Android</a>","ProducerTrav",1,TRUE,FALSE,NA,NA
"162","Watching Twin Peaks with @ProducerTrav (who is the only person I ever want to watch Twin Peaks with although would… https://t.co/adpLwxhpPJ",FALSE,25,NA,2019-06-06 02:16:07,TRUE,NA,"1136456705791922177",NA,"<a href=""https://mobile.twitter.com"" rel=""nofollow"">Twitter Web App</a>","FrostFrmFire",1,FALSE,FALSE,NA,NA
"163","respectfully, there’s been a big twin peaks revival and an x-files revival and yet there’s no due south revival? no… https://t.co/I3WW7V5hLq",FALSE,12,NA,2019-06-06 01:52:44,TRUE,NA,"1136450821200257029",NA,"<a href=""http://twitter.com/download/iphone"" rel=""nofollow"">Twitter for iPhone</a>","tambourine",0,FALSE,FALSE,NA,NA
"164","RT @DianePodcast: Poor old Gordon. He doesn't understand this situation at all. Let's see if we can help him out in our NEW PODCAST.  #Twin…",FALSE,0,NA,2019-06-05 22:29:40,FALSE,NA,"1136399715191459840",NA,"<a href=""http://twitter.com/download/iphone"" rel=""nofollow"">Twitter for iPhone</a>","Lee_Ashworth_",17,TRUE,FALSE,NA,NA
"165","RT @DianePodcast: Poor old Gordon. He doesn't understand this situation at all. Let's see if we can help him out in our NEW PODCAST.  #Twin…",FALSE,0,NA,2019-06-05 22:21:10,FALSE,NA,"1136397578755608576",NA,"<a href=""http://twitter.com/download/android"" rel=""nofollow"">Twitter for Android</a>","Anton_Binder",17,TRUE,FALSE,NA,NA
"166","RT @DianePodcast: Poor old Gordon. He doesn't understand this situation at all. Let's see if we can help him out in our NEW PODCAST.  #Twin…",FALSE,0,NA,2019-06-05 21:50:38,FALSE,NA,"1136389892714328065",NA,"<a href=""http://twitter.com"" rel=""nofollow"">Twitter Web Client</a>","Maggathorpe",17,TRUE,FALSE,NA,NA
"167","RT @DianePodcast: Poor old Gordon. He doesn't understand this situation at all. Let's see if we can help him out in our NEW PODCAST.  #Twin…",FALSE,0,NA,2019-06-05 21:48:27,FALSE,NA,"1136389343927570434",NA,"<a href=""http://twitter.com"" rel=""nofollow"">Twitter Web Client</a>","d_brucehamilton",17,TRUE,FALSE,NA,NA
"168","RT @DianePodcast: Poor old Gordon. He doesn't understand this situation at all. Let's see if we can help him out in our NEW PODCAST.  #Twin…",FALSE,0,NA,2019-06-05 21:47:44,FALSE,NA,"1136389166281961475",NA,"<a href=""http://www.placeholder.com"" rel=""nofollow"">Twin Peaks bot news</a>","TwinPeaksBotNew",17,TRUE,FALSE,NA,NA
"169","RT @DianePodcast: Poor old Gordon. He doesn't understand this situation at all. Let's see if we can help him out in our NEW PODCAST.  #Twin…",FALSE,0,NA,2019-06-05 21:36:34,FALSE,NA,"1136386355167203329",NA,"<a href=""http://twitter.com/download/android"" rel=""nofollow"">Twitter for Android</a>","nearit",17,TRUE,FALSE,NA,NA
"170","RT @DianePodcast: Poor old Gordon. He doesn't understand this situation at all. Let's see if we can help him out in our NEW PODCAST.  #Twin…",FALSE,0,NA,2019-06-05 21:34:02,FALSE,NA,"1136385715787448322",NA,"<a href=""http://twitter.com/download/android"" rel=""nofollow"">Twitter for Android</a>","bobsymindless",17,TRUE,FALSE,NA,NA
"171","Poor old Gordon. He doesn't understand this situation at all. Let's see if we can help him out in our NEW PODCAST.… https://t.co/AxGAyB3K0r",FALSE,51,NA,2019-06-05 21:31:20,TRUE,NA,"1136385036033433600",NA,"<a href=""https://about.twitter.com/products/tweetdeck"" rel=""nofollow"">TweetDeck</a>","DianePodcast",17,FALSE,FALSE,NA,NA
"172","@katelallyx Twin Peaks",FALSE,0,"katelallyx",2019-06-05 21:26:19,FALSE,"1135978351913553927","1136383775754072064","210443333","<a href=""http://twitter.com/download/iphone"" rel=""nofollow"">Twitter for iPhone</a>","Julianthread",0,FALSE,FALSE,NA,NA
"173","RT @VinylOffers: Twin Peaks (Limited Event Series Soundtrack) , double vinyl LP AMAZON <U+0001F1EC><U+0001F1E7>  £10.57

https://t.co/ToNGzmvUnt",FALSE,0,NA,2019-06-05 21:10:42,FALSE,NA,"1136379846223892480",NA,"<a href=""http://twitter.com/download/android"" rel=""nofollow"">Twitter for Android</a>","NigeCarroll",1,TRUE,FALSE,NA,NA
"174","Started watching Black Spot on Netflix. Instantly hooked, it’s a French version of Twin Peaks but with only 8 episodes.",FALSE,1,NA,2019-06-05 19:45:14,FALSE,NA,"1136358335438102528",NA,"<a href=""http://twitter.com/download/iphone"" rel=""nofollow"">Twitter for iPhone</a>","Dessie_Hull",0,FALSE,FALSE,NA,NA
"175","@katelallyx Twin Peaks https://t.co/uSG3yQSIVe",FALSE,0,"katelallyx",2019-06-05 19:32:40,FALSE,"1135978351913553927","1136355173968818186","210443333","<a href=""http://twitter.com/download/iphone"" rel=""nofollow"">Twitter for iPhone</a>","ddwriterepeat",0,FALSE,FALSE,NA,NA
"176","RT @TwinPeaksUKFest: THE THIRD GUEST TO THE 2019 TWIN PEAKS UK FESTIVAL WILL BE ANNOUNCED THIS FRIDAY 8PM! 

Here’s your first clue Peakies…",FALSE,0,NA,2019-06-05 19:23:03,FALSE,NA,"1136352754157400065",NA,"<a href=""http://twitter.com"" rel=""nofollow"">Twitter Web Client</a>","PeaksCoffeeTime",4,TRUE,FALSE,NA,NA
"177","RT @TwinPeaksUKFest: THE THIRD GUEST TO THE 2019 TWIN PEAKS UK FESTIVAL WILL BE ANNOUNCED THIS FRIDAY 8PM! 

Here’s your first clue Peakies…",FALSE,0,NA,2019-06-05 19:16:48,FALSE,NA,"1136351180139958273",NA,"<a href=""http://www.placeholder.com"" rel=""nofollow"">Twin Peaks bot news</a>","TwinPeaksBotNew",4,TRUE,FALSE,NA,NA
"178","THE THIRD GUEST TO THE 2019 TWIN PEAKS UK FESTIVAL WILL BE ANNOUNCED THIS FRIDAY 8PM! 

Here’s your first clue Peak… https://t.co/IbzygYwJ3e",FALSE,22,NA,2019-06-05 19:01:04,TRUE,NA,"1136347219622277120",NA,"<a href=""http://twitter.com/download/iphone"" rel=""nofollow"">Twitter for iPhone</a>","TwinPeaksUKFest",4,FALSE,FALSE,NA,NA
"179","@ashley_northey Something Twin Peaks related. I will share a photo once it's done!",FALSE,1,"ashley_northey",2019-06-05 18:17:19,FALSE,"1136334362671230978","1136336209154908160","3357126461","<a href=""http://twitter.com/download/android"" rel=""nofollow"">Twitter for Android</a>","TheWellDrinker",0,FALSE,FALSE,NA,NA
"180","@youngvulgarian I can't help but be reminded of that scene in Twin Peaks when Leland stares into the mirror, there'… https://t.co/625wtUkApD",FALSE,0,"youngvulgarian",2019-06-05 18:12:24,TRUE,"1136333697395974144","1136334975706550273","268809577","<a href=""http://twitter.com/download/android"" rel=""nofollow"">Twitter for Android</a>","EranE1980",0,FALSE,FALSE,NA,NA
"181","@TheWellDrinker <U+0001F60A> I know right?! I'm surprised it's taken me this long.

10 mins in and there's already a deep reso… https://t.co/WaJUTtgVJK",FALSE,1,"TheWellDrinker",2019-06-05 18:04:10,TRUE,"1136330216706596869","1136332899937132544","879991516114145280","<a href=""http://twitter.com/download/android"" rel=""nofollow"">Twitter for Android</a>","thebluerose84",0,FALSE,FALSE,NA,NA
"182","“When the twilight is gone and no songbirds are singing”

Twin Peaks art by Joep Pouw.

#twinpeaks https://t.co/bG0dZpk5Dn",FALSE,0,NA,2019-06-05 17:03:08,FALSE,NA,"1136317541238935557",NA,"<a href=""https://smartpostapp.com"" rel=""nofollow"">Smart Post App</a>","TheDoubleRClub",0,FALSE,FALSE,NA,NA
"183","Twin Peaks meets Serial in The Basement Tapes, an ‘intimate and spine-tingling’ (@TheStage) mystery from Fringe Fir… https://t.co/gsdMHD3dI6",FALSE,9,NA,2019-06-05 17:01:00,TRUE,NA,"1136317004518813696",NA,"<a href=""https://about.twitter.com/products/tweetdeck"" rel=""nofollow"">TweetDeck</a>","IncomingFest",3,FALSE,FALSE,NA,NA
"184","Twin Peaks (Limited Event Series Soundtrack) , double vinyl LP AMAZON <U+0001F1EC><U+0001F1E7>  £10.57

https://t.co/ToNGzmvUnt",FALSE,1,NA,2019-06-05 14:51:49,FALSE,NA,"1136284493655003136",NA,"<a href=""https://about.twitter.com/products/tweetdeck"" rel=""nofollow"">TweetDeck</a>","VinylOffers",1,FALSE,FALSE,NA,NA
"185","@katelallyx Twin peaks",FALSE,0,"katelallyx",2019-06-05 13:59:56,FALSE,"1135978351913553927","1136271436966965250","210443333","<a href=""http://twitter.com/download/iphone"" rel=""nofollow"">Twitter for iPhone</a>","paularosenber12",0,FALSE,FALSE,NA,NA
"186","@BrokenFiction And apparently on the set of Twin Peaks!",FALSE,1,"BrokenFiction",2019-06-05 12:39:08,FALSE,"1136250289005256705","1136251104541532160","13010212","<a href=""http://twitter.com/download/iphone"" rel=""nofollow"">Twitter for iPhone</a>","Bhaal_Spawn",0,FALSE,FALSE,NA,NA
"187","@Brodeyy_51 1 - Eraserhead
2 - Twin Peaks: Fire Walk With Me
3 - Mulholland Drive
4 - Blue Velvet
5 - Lost Highway https://t.co/vzSwGU6RZX",FALSE,0,"Brodeyy_51",2019-06-05 12:36:23,FALSE,"1135963502282194948","1136250411978039297","462453177","<a href=""http://twitter.com"" rel=""nofollow"">Twitter Web Client</a>","RomainMollet",0,FALSE,FALSE,NA,NA
"188","2017 @SnakeFervor is crowned the 8th Miss Twin Peaks

June 20th we crown our 10th Miss Twin Peaks!

Join us for our… https://t.co/qM0PjM6Xw5",FALSE,0,NA,2019-06-05 12:16:06,TRUE,NA,"1136245309053575169",NA,"<a href=""https://smartpostapp.com"" rel=""nofollow"">Smart Post App</a>","TheDoubleRClub",0,FALSE,FALSE,NA,NA
"189","“I have no idea where this will lead us, but I have a definite feeling it will be a place both wonderful and strang… https://t.co/TmlWGMAF4Z",FALSE,0,NA,2019-06-05 11:32:03,TRUE,NA,"1136234224338579456",NA,"<a href=""https://www.ripl.com"" rel=""nofollow"">Ripl App</a>","TheDoubleRClub",0,FALSE,FALSE,NA,NA
"190","June 20th we will crown our 10th Miss Twin Peaks!! 

Who will take the crown?! 

Our BIGGEST crown ever!… https://t.co/4SOwmOXp7E",FALSE,3,NA,2019-06-05 11:01:07,TRUE,NA,"1136226437827104768",NA,"<a href=""https://smartpostapp.com"" rel=""nofollow"">Smart Post App</a>","TheDoubleRClub",1,FALSE,FALSE,NA,NA
"191","@catingrams Twin Peaks season 1 is probably flawless, but season 2?...",FALSE,1,"catingrams",2019-06-05 10:23:03,FALSE,"1136216526703550465","1136216859320213508","287655682","<a href=""http://twitter.com/download/android"" rel=""nofollow"">Twitter for Android</a>","edgeblend",0,FALSE,FALSE,NA,NA
"192","@edgeblend All those + Twin Peaks, The Sopranos, The Shield...",FALSE,1,"edgeblend",2019-06-05 10:21:44,FALSE,"1136209874696716288","1136216526703550465","603054676","<a href=""http://twitter.com/download/android"" rel=""nofollow"">Twitter for Android</a>","catingrams",0,FALSE,FALSE,NA,NA
"193","One crown to rule them all!

Miss Twin Peaks 2019
June 20th  
BGWMC

Advance tickets are cheaper...… https://t.co/VaQv6CBXfq",FALSE,1,NA,2019-06-05 08:33:13,TRUE,NA,"1136189218366078976",NA,"<a href=""http://twitter.com/download/iphone"" rel=""nofollow"">Twitter for iPhone</a>","TheDoubleRClub",0,FALSE,FALSE,NA,NA
"194","in the lift at work completely alone and just went ""mm that's good coffee"" as a I took a sip of my morning cup I do… https://t.co/u6uwnpORAY",FALSE,21,NA,2019-06-05 07:12:25,TRUE,NA,"1136168883486937089",NA,"<a href=""http://twitter.com/download/android"" rel=""nofollow"">Twitter for Android</a>","townsendyesmate",0,FALSE,FALSE,NA,NA
"195","Right, as I'm wanting to rewatch the original Twin Peaks before the new (well... maybe cultivate season 2 a bit), l… https://t.co/MMCO0q5OS8",FALSE,0,NA,2019-06-05 06:56:15,TRUE,NA,"1136164813229449219",NA,"<a href=""http://twitter.com/download/android"" rel=""nofollow"">Twitter for Android</a>","InflatableDalek",0,FALSE,FALSE,NA,NA
"196","@ourrachblogs @katelallyx Twin peaks and  the x files",FALSE,0,"ourrachblogs",2019-06-04 22:19:18,FALSE,"1136020040447418368","1136034718342930432","758628762258927616","<a href=""http://twitter.com/download/android"" rel=""nofollow"">Twitter for Android</a>","iainamos",0,FALSE,FALSE,NA,NA
"197","@MarxistWhovian @ThePubRoofDog @FeralMcCats The one benefit of a sleep disorder is I'm up watching TV when everyone… https://t.co/UPYpOQDrVN",FALSE,5,"MarxistWhovian",2019-06-04 21:35:48,TRUE,"1135986094674272256","1136023774292316160","843923428612755456","<a href=""http://twitter.com/download/android"" rel=""nofollow"">Twitter for Android</a>","mdonaghue75",0,FALSE,FALSE,NA,NA
"198","Not since Twin Peaks has a TV drama had such an overwhelming effect on me. Incredibly emotional.  #YearsAndYears",FALSE,2,NA,2019-06-04 21:03:57,FALSE,NA,"1136015756297154561",NA,"<a href=""http://twitter.com/download/iphone"" rel=""nofollow"">Twitter for iPhone</a>","MRobertLowe",0,FALSE,FALSE,NA,NA
"199","What the HELL was that ending to Twin Peaks, absolutely gutted",FALSE,0,NA,2019-06-04 20:49:27,FALSE,NA,"1136012109135962114",NA,"<a href=""http://twitter.com/download/iphone"" rel=""nofollow"">Twitter for iPhone</a>","LivHoye",0,FALSE,FALSE,NA,NA
"200","https://t.co/Dnns8oIiuD",FALSE,0,NA,2019-06-04 20:46:47,FALSE,NA,"1136011435874627585",NA,"<a href=""http://twitter.com/download/android"" rel=""nofollow"">Twitter for Android</a>","barryhawk",0,FALSE,FALSE,NA,NA
"201","@Brodeyy_51 1. Twin Peaks: The Return
2. Twin Peaks: The Return
3. Twin Peaks: The Return
4. Blue Velvet 
5. Twin Peaks: Fire Walk with Me",FALSE,1,"Brodeyy_51",2019-06-04 20:12:38,FALSE,"1135963502282194948","1136002845600301056","462453177","<a href=""http://twitter.com"" rel=""nofollow"">Twitter Web Client</a>","Silhouetters69",0,FALSE,FALSE,NA,NA
"202","@katelallyx Twin Peaks
Firefly.",FALSE,4,"katelallyx",2019-06-04 19:05:01,FALSE,"1135978351913553927","1135985829455761414","210443333","<a href=""http://twitter.com/download/android"" rel=""nofollow"">Twitter for Android</a>","HeatherStip",0,FALSE,FALSE,NA,NA
"203","@DaftLimmy Is this the new Twin Peaks https://t.co/CpNmxfDrCD",FALSE,0,"DaftLimmy",2019-06-04 18:38:20,FALSE,"1135808326749564928","1135979112798072835","215394809","<a href=""http://twitter.com"" rel=""nofollow"">Twitter Web Client</a>","wayneitb",0,FALSE,FALSE,NA,NA
"204","PRE-ORDER: Dean Hurley – ‘Anthology Resource Vol. II: Philosophy Of Beyond’

Following his work on the third series… https://t.co/gb75ChFvR2",FALSE,3,NA,2019-06-04 18:30:12,TRUE,NA,"1135977064971079681",NA,"<a href=""https://www.hootsuite.com"" rel=""nofollow"">Hootsuite Inc.</a>","normanrecords",0,FALSE,FALSE,NA,NA
"205","RT @thatsparrowboy: Thank you martina_si glad you’re enjoying the Twin Peaks Tee!!!! <U+0001F5A4><U+0001F525><U+0001F989>
···
Safe
.
<U+0001F4F8>: livanddom .
.
Women of Twin Peaks te…",FALSE,0,NA,2019-06-04 18:28:07,FALSE,NA,"1135976542478262272",NA,"<a href=""http://www.placeholder.com"" rel=""nofollow"">Twin Peaks bot news</a>","TwinPeaksBotNew",1,TRUE,FALSE,NA,NA
"206","Thank you martina_si glad you’re enjoying the Twin Peaks Tee!!!! <U+0001F5A4><U+0001F525><U+0001F989>
···
Safe
.
<U+0001F4F8>: livanddom .
.
Women of Twin Peak… https://t.co/uZ19BqE8eQ",FALSE,0,NA,2019-06-04 18:25:15,TRUE,NA,"1135975819287891969",NA,"<a href=""http://instagram.com"" rel=""nofollow"">Instagram</a>","thatsparrowboy",1,FALSE,FALSE,NA,NA
"207","@jshelat1 Plus if you love Twin Peaks but haven’t seen Fire Walk With Me that is an extraordinary film too",FALSE,1,"PWhickman",2019-06-04 17:00:59,FALSE,"1135954424596242432","1135954613142790145","44385315","<a href=""http://twitter.com/download/iphone"" rel=""nofollow"">Twitter for iPhone</a>","PWhickman",0,FALSE,FALSE,NA,NA
"208","RT @SpeaksAngie: NEW VIDEO<U+0001F525>!  My new wild and wonderful Twin -Peaks- esque Video will premiere tonight at 11pm BST 6pm EST! Come join me on…",FALSE,0,NA,2019-06-04 16:37:39,FALSE,NA,"1135948742115205120",NA,"<a href=""https://mobile.twitter.com"" rel=""nofollow"">Twitter Web App</a>","jcnonney",44,TRUE,FALSE,NA,NA
"209","@Karnythia Much of Champaign-Urbana has that Halloween/Twin Peaks/Nightmare on Elm Street all-American eerie banality to it.",FALSE,6,"Karnythia",2019-06-04 16:16:30,FALSE,"1135942861797625856","1135943417001914370","100136358","<a href=""http://twitter.com/download/android"" rel=""nofollow"">Twitter for Android</a>","stephens_ben",0,FALSE,FALSE,NA,NA
"210","Thinking about buying Twin Peaks Owl top? Read the latest review by Lisa W. https://t.co/CGgD0JDege via @yotpo",FALSE,0,NA,2019-06-04 15:04:52,FALSE,NA,"1135925391179296768",NA,"<a href=""http://www.yotpo.com"" rel=""nofollow"">Yotpo</a>","ARTsyClothing",0,FALSE,FALSE,NA,NA
"211","RT @yazzonfilm: i started twin peaks yesterday and almost the whole cast could get it https://t.co/8p9J1DZ8aj",FALSE,0,NA,2019-06-04 14:22:51,FALSE,NA,"1135914819704377344",NA,"<a href=""http://twitter.com/download/iphone"" rel=""nofollow"">Twitter for iPhone</a>","drewparsonss",1,TRUE,FALSE,NA,NA
"212","@lynchsplaining https://t.co/Jd3KipAfHV
Guy Astic mon prof de cine au lycée a écrit deux livre sur David Lynch",FALSE,1,"lynchsplaining",2019-06-04 14:15:13,FALSE,"1135863066682384386","1135912897429721088","872913961175441409","<a href=""http://twitter.com/download/android"" rel=""nofollow"">Twitter for Android</a>","GuimauveCU",0,FALSE,FALSE,NA,NA
"213","@Zeddary The last one looks like a shot from a  trashy Twin Peaks reboot https://t.co/V7W5BKYenh",FALSE,1,"Zeddary",2019-06-04 13:42:55,FALSE,"1135891616651251712","1135904767744643072","322735335","<a href=""http://twitter.com/download/android"" rel=""nofollow"">Twitter for Android</a>","AnnaEng123",0,FALSE,FALSE,NA,NA
"214","RT @TheDoubleRClub: On June 20th we crown our 10th Miss Twin Peaks!

But first we take a look into the darkness and dreams of the Women of…",FALSE,0,NA,2019-06-04 13:40:11,FALSE,NA,"1135904079694237696",NA,"<a href=""http://twitter.com"" rel=""nofollow"">Twitter Web Client</a>","BlueRoseMag1",4,TRUE,FALSE,NA,NA
"215","RT @TheDoubleRClub: On June 20th we crown our 10th Miss Twin Peaks!

But first we take a look into the darkness and dreams of the Women of…",FALSE,0,NA,2019-06-04 13:33:07,FALSE,NA,"1135902302726905856",NA,"<a href=""https://mobile.twitter.com"" rel=""nofollow"">Twitter Web App</a>","SoFuckinSuave",4,TRUE,FALSE,NA,NA
"216","RT @TheDoubleRClub: On June 20th we crown our 10th Miss Twin Peaks!

But first we take a look into the darkness and dreams of the Women of…",FALSE,0,NA,2019-06-04 13:28:07,FALSE,NA,"1135901044909756418",NA,"<a href=""http://www.placeholder.com"" rel=""nofollow"">Twin Peaks bot news</a>","TwinPeaksBotNew",4,TRUE,FALSE,NA,NA
"217","On June 20th we crown our 10th Miss Twin Peaks!

But first we take a look into the darkness and dreams of the Women… https://t.co/cHSmaOSEmC",FALSE,2,NA,2019-06-04 13:20:16,TRUE,NA,"1135899067266080768",NA,"<a href=""http://twitter.com/download/iphone"" rel=""nofollow"">Twitter for iPhone</a>","TheDoubleRClub",4,FALSE,FALSE,NA,NA
"218","@discogoff https://t.co/vO48av9Wpu second Anthrax Twin Peaks cross over, a track from the same album with the guy w… https://t.co/94kwEIQho5",FALSE,1,"discogoff",2019-06-04 13:08:49,TRUE,"1135877837486022656","1135896186194411520","953691570209001472","<a href=""http://twitter.com/download/android"" rel=""nofollow"">Twitter for Android</a>","SirLittleOfDave",0,FALSE,FALSE,NA,NA
"219","@draculavoice Both are amazing. I'd suggest starting with Twin Peaks. It's the longest out of the two, but by watch… https://t.co/vlJCL1F9pN",FALSE,0,"draculavoice",2019-06-04 10:56:22,TRUE,"1135709124040241155","1135862856472301568","980294526517510144","<a href=""http://twitter.com"" rel=""nofollow"">Twitter Web Client</a>","LWall54451552",0,FALSE,FALSE,NA,NA
"220","RT @Dazed: .@DAVID_LYNCH is finally getting an (honorary) Oscar nod, so we’re unwrapping the plastic and looking back at the aesthetics of…",FALSE,0,NA,2019-06-04 10:15:39,FALSE,NA,"1135852609330225158",NA,"<a href=""http://twitter.com/download/iphone"" rel=""nofollow"">Twitter for iPhone</a>","daisycmarcuzzi",13,TRUE,FALSE,NA,NA
"221","RT @Dazed: .@DAVID_LYNCH is finally getting an (honorary) Oscar nod, so we’re unwrapping the plastic and looking back at the aesthetics of…",FALSE,0,NA,2019-06-04 10:15:32,FALSE,NA,"1135852579483766784",NA,"<a href=""http://twitter.com/download/iphone"" rel=""nofollow"">Twitter for iPhone</a>","thisisyudhis",13,TRUE,FALSE,NA,NA
"222","RT @Dazed: .@DAVID_LYNCH is finally getting an (honorary) Oscar nod, so we’re unwrapping the plastic and looking back at the aesthetics of…",FALSE,0,NA,2019-06-04 09:57:53,FALSE,NA,"1135848134767271937",NA,"<a href=""http://twitter.com/download/iphone"" rel=""nofollow"">Twitter for iPhone</a>","Tom29432543",13,TRUE,FALSE,NA,NA
"223","RT @Dazed: .@DAVID_LYNCH is finally getting an (honorary) Oscar nod, so we’re unwrapping the plastic and looking back at the aesthetics of…",FALSE,0,NA,2019-06-04 09:38:39,FALSE,NA,"1135843297966952448",NA,"<a href=""http://twitter.com"" rel=""nofollow"">Twitter Web Client</a>","ManilaChinchila",13,TRUE,FALSE,NA,NA
"224","RT @Dazed: .@DAVID_LYNCH is finally getting an (honorary) Oscar nod, so we’re unwrapping the plastic and looking back at the aesthetics of…",FALSE,0,NA,2019-06-04 09:36:14,FALSE,NA,"1135842689759555584",NA,"<a href=""http://twitter.com/download/iphone"" rel=""nofollow"">Twitter for iPhone</a>","whalefromtv",13,TRUE,FALSE,NA,NA
"225",".@DAVID_LYNCH is finally getting an (honorary) Oscar nod, so we’re unwrapping the plastic and looking back at the a… https://t.co/XQkXLGA0Qf",FALSE,48,NA,2019-06-04 09:30:00,TRUE,NA,"1135841119034494976",NA,"<a href=""https://about.twitter.com/products/tweetdeck"" rel=""nofollow"">TweetDeck</a>","Dazed",13,FALSE,FALSE,NA,NA
"226","i started twin peaks yesterday and almost the whole cast could get it https://t.co/8p9J1DZ8aj",FALSE,72,NA,2019-06-04 08:24:27,FALSE,NA,"1135824624099450880",NA,"<a href=""http://twitter.com/download/iphone"" rel=""nofollow"">Twitter for iPhone</a>","yazzonfilm",1,FALSE,FALSE,NA,NA
"227","@InstantJunkSam @darkbreed @thewoodyatt @CinemaGet @_ObiMoo @barontedbear @RedAndBlueDave @diddyking1 @Bill626… https://t.co/vl14LAZHlS",FALSE,6,"InstantJunkSam",2019-06-04 07:11:10,TRUE,"1135805516641443841","1135806180201259010","763079242754252800","<a href=""http://twitter.com/download/android"" rel=""nofollow"">Twitter for Android</a>","papastoo81",0,FALSE,FALSE,NA,NA
"228","@PasquinoSalento He's really good, he doesn't think I'm daft, he's never seen Twin Peaks but he knows #DavidLynch is a bit mad",FALSE,2,"PasquinoSalento",2019-06-03 23:14:26,FALSE,"1135624913300180993","1135686208175165440","1360099448","<a href=""http://twitter.com/download/android"" rel=""nofollow"">Twitter for Android</a>","LuciferRegrets",0,FALSE,FALSE,NA,NA
"229","Just binge watched Russian Doll, at first I though it was yet another Groundhog Day copycat but I was positively su… https://t.co/xIr7PTY8qz",FALSE,0,NA,2019-06-03 22:03:08,TRUE,NA,"1135668265483669504",NA,"<a href=""http://twitter.com"" rel=""nofollow"">Twitter Web Client</a>","AmoAwesomeArt",0,FALSE,FALSE,NA,NA
"230","@MissFlyByNight I’ve been rewatching Twin Peaks so I feel confident that I’ll receive some sort of rescue, but it m… https://t.co/FFCxRQLzxI",FALSE,6,"MissFlyByNight",2019-06-03 21:26:56,TRUE,"1134961965003157506","1135659154327179269","1088548626165649410","<a href=""http://twitter.com/download/iphone"" rel=""nofollow"">Twitter for iPhone</a>","Johnmiers",0,FALSE,FALSE,NA,NA
"231","Just finished Twin Peaks the Return and it's definitely added to my list of perfect seasons, what an insane ride.… https://t.co/En6LyEgupf",FALSE,0,NA,2019-06-03 20:36:44,TRUE,NA,"1135646520433369088",NA,"<a href=""http://twitter.com/download/android"" rel=""nofollow"">Twitter for Android</a>","Elliot_HM",0,FALSE,FALSE,NA,NA
"232","RT @StephenHillBOI: Caroline Flack looks like the Dwarf from Twin Peaks if he was an orange, brain dead, slag.",FALSE,0,NA,2019-06-03 20:15:42,FALSE,NA,"1135641228094164992",NA,"<a href=""http://twitter.com/download/iphone"" rel=""nofollow"">Twitter for iPhone</a>","TBrownlee_",1,TRUE,FALSE,NA,NA
"233","Caroline Flack looks like the Dwarf from Twin Peaks if he was an orange, brain dead, slag.",FALSE,14,NA,2019-06-03 20:15:21,FALSE,NA,"1135641140638748672",NA,"<a href=""http://twitter.com/download/iphone"" rel=""nofollow"">Twitter for iPhone</a>","StephenHillBOI",1,FALSE,FALSE,NA,NA
"234","@DawnHFoster My husband drinks black coffee because of Kyle Maclachlan's character in Twin Peaks",FALSE,0,"DawnHFoster",2019-06-03 20:13:38,FALSE,"1135612546453561344","1135640705702027264","15344145","<a href=""http://twitter.com/download/android"" rel=""nofollow"">Twitter for Android</a>","Deejayatkins",0,FALSE,FALSE,NA,NA
"235","@THORPEPARK Twin Peaks.",FALSE,0,"THORPEPARK",2019-06-03 19:08:44,FALSE,"1135448533845327873","1135624376475422720","15228835","<a href=""http://twitter.com/download/android"" rel=""nofollow"">Twitter for Android</a>","bethnixon",0,FALSE,FALSE,NA,NA
"236","RT @TheDoubleRClub: Twin Peaks Quote of the Day
""That's a way of living that I thought had vanished from the earth, but it hasn't, Albert,…",FALSE,0,NA,2019-06-03 19:05:44,FALSE,NA,"1135623618619224064",NA,"<a href=""http://twitter.com/download/android"" rel=""nofollow"">Twitter for Android</a>","TheTickleFox",5,TRUE,FALSE,NA,NA
"237","It’s been 2 years and a week since the start of Twin Peaks Season 3. Mates I did that with have brought it back as… https://t.co/yi7f8h6QGe",FALSE,0,NA,2019-06-03 17:42:25,TRUE,NA,"1135602654221152257",NA,"<a href=""http://twitter.com/download/iphone"" rel=""nofollow"">Twitter for iPhone</a>","joeypineapples",0,FALSE,FALSE,NA,NA
"238","Do I need to watch the old twin peaks or can I just start from the return?",FALSE,2,NA,2019-06-03 15:48:51,FALSE,NA,"1135574070806896641",NA,"<a href=""http://twitter.com/download/iphone"" rel=""nofollow"">Twitter for iPhone</a>","jplfc_",0,FALSE,FALSE,NA,NA
"239","thinking of starting twin peaks, the wire, chernobyl and fleabag right after this GOT rewatch, i hate being indecisive",FALSE,3,"hate2seeit",2019-06-03 15:48:10,FALSE,"1135573890346954753","1135573900522414081","736160054160674816","<a href=""http://twitter.com/download/iphone"" rel=""nofollow"">Twitter for iPhone</a>","hate2seeit",0,FALSE,FALSE,NA,NA
"240","RT @TheDoubleRClub: Twin Peaks Quote of the Day
""That's a way of living that I thought had vanished from the earth, but it hasn't, Albert,…",FALSE,0,NA,2019-06-03 14:36:04,FALSE,NA,"1135555758077227008",NA,"<a href=""http://twitter.com/download/android"" rel=""nofollow"">Twitter for Android</a>","PedroBalduino_",5,TRUE,FALSE,NA,NA
"241","Festival de referencias a Twin Peaks.Amor del bueno. #TravisStrikesAgain #NoMoreHeroes #NintendoSwitch https://t.co/XcH8UTNzaf",FALSE,1,NA,2019-06-03 14:23:39,FALSE,NA,"1135552632410451969",NA,"<a href=""https://www.nintendo.com/countryselector"" rel=""nofollow"">Nintendo Switch Share</a>","vandreadgm",0,FALSE,FALSE,NA,NA
"242","@captstrk Twin peaks, if you haven’t seen chilling adventures of Sabrina, black mirror",FALSE,1,"captstrk",2019-06-03 13:35:11,FALSE,"1135411166887284736","1135540433172520960","1118393756733116416","<a href=""http://twitter.com/download/iphone"" rel=""nofollow"">Twitter for iPhone</a>","deakydaisy",0,FALSE,FALSE,NA,NA
"243","RT @TheDoubleRClub: Twin Peaks Quote of the Day
""That's a way of living that I thought had vanished from the earth, but it hasn't, Albert,…",FALSE,0,NA,2019-06-03 12:43:59,FALSE,NA,"1135527551424749569",NA,"<a href=""http://tapbots.com/tweetbot"" rel=""nofollow"">Tweetbot for i<U+039F>S</a>","TwinPeaksUnwrap",5,TRUE,FALSE,NA,NA
"244","RT @TheDoubleRClub: Twin Peaks Quote of the Day
""That's a way of living that I thought had vanished from the earth, but it hasn't, Albert,…",FALSE,0,NA,2019-06-03 12:08:51,FALSE,NA,"1135518709420871681",NA,"<a href=""http://www.placeholder.com"" rel=""nofollow"">Twin Peaks bot news</a>","TwinPeaksBotNew",5,TRUE,FALSE,NA,NA
"245","Twin Peaks Quote of the Day
""That's a way of living that I thought had vanished from the earth, but it hasn't, Albe… https://t.co/ajZ3sXGHCl",FALSE,38,NA,2019-06-03 12:02:07,TRUE,NA,"1135517011939905537",NA,"<a href=""https://smartpostapp.com"" rel=""nofollow"">Smart Post App</a>","TheDoubleRClub",5,FALSE,FALSE,NA,NA
"246","@RedAndBlueDave @lissiemusic Good man! I fell in love a bit when I saw her on Twin Peaks S3. Give this a go for sta… https://t.co/CUe3hn0Nrf",FALSE,1,"RedAndBlueDave",2019-06-03 09:31:36,TRUE,"1135478116372176896","1135479135843889152","15193726","<a href=""http://twitter.com/download/iphone"" rel=""nofollow"">Twitter for iPhone</a>","darkbreed",0,FALSE,FALSE,NA,NA
"247","I’ve been telling everyone I’ve ever known to watch Twin Peaks basically since I first watched it years ago and in… https://t.co/9QqzYzY61H",FALSE,6,NA,2019-06-03 07:20:13,TRUE,NA,"1135446069452660736",NA,"<a href=""https://mobile.twitter.com"" rel=""nofollow"">Twitter Web App</a>","MaxCussons",0,FALSE,FALSE,NA,NA
"248","Twin Peaks - Making Breakfast [Official Video]",FALSE,0,NA,2019-06-03 06:52:16,FALSE,NA,"1135439034979889152",NA,"<a href=""https://radio.co"" rel=""nofollow"">Radio.co now playing</a>","MundoAuricular",0,FALSE,FALSE,NA,NA
"249","@KurtBusiek Yeah man some lynch. Check out twin peaks",FALSE,0,"KurtBusiek",2019-06-03 06:29:38,FALSE,"1135415032433352704","1135433342827028482","125171167","<a href=""http://twitter.com/download/android"" rel=""nofollow"">Twitter for Android</a>","GavinLO07909164",0,FALSE,FALSE,NA,NA
"250","1. Father John Misty, I Love You Honey Bear
2. Twin Peaks, Down in Heaven
3. The Velvet Underground, Loaded
4. Twen… https://t.co/WXraoztbEd",FALSE,0,NA,2019-06-03 06:25:56,TRUE,NA,"1135432411217403906",NA,"<a href=""http://twitter.com/download/iphone"" rel=""nofollow"">Twitter for iPhone</a>","noahjensen27",0,FALSE,FALSE,NA,NA
"251","@arttavana is this twin peaks for rich people",FALSE,2,"arttavana",2019-06-02 23:06:23,FALSE,"1135216377021599744","1135321792258727939","354098623","<a href=""http://twitter.com/download/iphone"" rel=""nofollow"">Twitter for iPhone</a>","CharlieNash",0,FALSE,FALSE,NA,NA
"252","RT @SpeaksAngie: NEW VIDEO<U+0001F525>!  My new wild and wonderful Twin -Peaks- esque Video will premiere tonight at 11pm BST 6pm EST! Come join me on…",FALSE,0,NA,2019-06-02 21:22:14,FALSE,NA,"1135295581931397123",NA,"<a href=""http://twitter.com"" rel=""nofollow"">Twitter Web Client</a>","SariFlower3",44,TRUE,FALSE,NA,NA
"253","First look of Agent Cooper in Twin Peaks Season 4 (coming in May 2029) https://t.co/Rh879uQIS9",FALSE,0,NA,2019-06-02 20:07:34,FALSE,NA,"1135276794158956545",NA,"<a href=""http://twitter.com/download/android"" rel=""nofollow"">Twitter for Android</a>","GuillerGP",0,FALSE,FALSE,NA,NA
"254","The final season of twin peaks was... something. I really enjoyed it overall",FALSE,3,NA,2019-06-02 19:24:32,FALSE,NA,"1135265962742165504",NA,"<a href=""http://twitter.com/download/iphone"" rel=""nofollow"">Twitter for iPhone</a>","Sturnerart",0,FALSE,FALSE,NA,NA
